"Study_code","EC_pos_n","KP_pos_n","ESBL_pos_n","Months_tested","ESBL_ever","KP_ever","Age","Sex","HHsize","Rooms","Crowding","Education","WorkStatus","IncomeBand","Grant","FormalDwelling","PipedInside","FlushToilet","ToiletShared","ToiletFloods","OpenDefecation","StandingWater","Flooding","RefuseCollected","HandwashScore","CareMonthly","HIVinHH","ChronicAny","DiarrSeverity","AbxNoRx","AbxSource","AbxCourse","StreetFood","MeatFreq","AnimalsKept","ManureUse","Longitude.x","Latitude.x","Site_code","x_m","y_m","East_km","North_km","NN_density","Site_ARUE","Site_ARUF","Site_ARUL","Site_ARUO","Site_ARUS","Site_ARUT","Site_ARUU","Site_group","Dist_centre_km","ESBL_lag","KP_lag"
"ARUE002",6,1,1,7,1,1,48,1,7,7,1,2,2,2,1,1,1,1,0,0,0,1,1,1,8,1,1,1,3,0,2,1,1,4,0,1,30.32964,-29.65564,"ARUE",-228.203728339151,-582.717013080734,-0.35118790678496,-0.615490001737982,25,1,0,0,0,0,0,0,"ARUE",0.708633112485878,2.38461538461539,4.38461538461539
"ARUE004",7,5,5,8,1,1,49,1,6,3,2,1,3,4,1,0,0,0,0,1,0,1,1,1,8,1,0,0,3,0,2,1,1,4,1,1,30.3304722,-29.65575,"ARUE",-147.784019373066,-594.948455011962,-0.270768197818875,-0.62772144366921,21,1,0,0,0,0,0,0,"ARUE",0.683629744666101,2,3.05
"ARUE007",8,7,2,8,1,1,48,0,3,7,0.428571428571429,2,1,6,0,1,0,0,1,0,0,1,1,0,8,1,1,1,2,0,3,1,1,4,0,1,30.32787,-29.65463,"ARUE",-399.247810134848,-470.410137170031,-0.522231988580657,-0.503183125827279,13,1,0,0,0,0,0,0,"ARUE",0.72520308053277,2.3,4
"ARUE009",8,0,0,9,0,0,53,0,6,4,1.5,2,1,5,0,0,0,1,0,0,0,1,1,1,7,0,1,0,1,0,2,1,0,4,1,1,30.32754,-29.65246,"ARUE",-431.137384707085,-229.117146351387,-0.554121563152894,-0.261890135008635,0,1,0,0,0,0,0,0,"ARUE",0.612892445348976,2.625,5.125
"ARUE011",7,5,1,7,1,1,57,0,4,7,0.571428571428571,3,1,5,1,1,1,1,0,0,0,1,1,1,7,0,1,0,2,0,2,1,1,3,0,1,30.3276944,-29.655278,"ARUE",-416.216929210377,-542.464449635505,-0.539201107656186,-0.575237438292753,12,1,0,0,0,0,0,0,"ARUE",0.788438929094237,2.22222222222222,3.88888888888889
"ARUE013",8,3,0,9,0,1,43,0,6,4,1.5,2,1,5,0,1,0,1,1,1,0,1,1,0,8,0,0,0,2,1,2,1,1,4,0,1,30.3299722,-29.654778,"ARUE",-196.101556603363,-486.866986313356,-0.319085735049172,-0.519639974970603,24,1,0,0,0,0,0,0,"ARUE",0.60978800406315,2.47368421052632,4.63157894736842
"ARUE015",6,5,3,8,1,1,39,1,6,5,1.2,1,2,3,1,0,0,0,0,1,0,1,1,0,3,1,1,1,3,0,2,1,1,5,0,1,30.329588,-29.654299,"ARUE",-233.228752211129,-433.604616450772,-0.356212930656938,-0.46637760510802,16,1,0,0,0,0,0,0,"ARUE",0.586852385624781,2.28571428571429,4.92857142857143
"ARUE016",7,4,3,8,1,1,30,1,11,8,1.375,2,2,2,1,1,0,0,0,1,0,1,1,0,7,1,1,0,1,0,2,2,1,4,0,1,30.3305,-29.656194,"ARUE",-145.097564302903,-644.319002441937,-0.268081742748712,-0.677091991099184,17,1,0,0,0,0,0,0,"ARUE",0.728231683742094,1.84615384615385,3.30769230769231
"ARUE017",7,3,1,8,1,1,33,0,5,4,1.25,3,1,4,0,1,0,0,1,0,0,1,0,0,7,0,0,0,2,0,1,3,1,4,0,1,30.33061,-29.655981,"ARUE",-134.467706112272,-620.634483066792,-0.257451884558081,-0.653407471724039,19,1,0,0,0,0,0,0,"ARUE",0.702298225091954,2.4,3.35
"ARUE018",7,4,0,9,0,1,50,1,8,4,2,2,2,0,0,0,0,0,0,1,0,1,1,0,7,1,1,1,1,0,1,3,1,5,1,1,30.3295833,-29.655056,"ARUE",-233.682937061253,-517.779175920321,-0.356667115507062,-0.550552164577569,24,1,0,0,0,0,0,0,"ARUE",0.655987131889928,2.52173913043478,4.1304347826087
"ARUE019",8,5,2,9,1,1,32,1,10,7,1.42857142857143,3,2,3,1,1,0,0,0,1,0,1,1,0,4,1,0,1,1,0,3,1,1,5,0,1,30.33025,-29.654306,"ARUE",-169.256332918223,-434.382980936898,-0.292240511364032,-0.467155969594146,11,1,0,0,0,0,0,0,"ARUE",0.551034678046453,2,4.14285714285714
"ARUE022",0,0,0,0,0,0,48,0,5,4,1.25,1,1,4,1,0,0,0,0,1,1,0,1,0,8,1,1,0,1,0,1,3,1,5,0,1,30.3305556,-29.655861,"ARUE",-139.72465416292,-607.291091869555,-0.262708832608729,-0.640064080526803,20,1,0,0,0,0,0,0,"ARUE",0.691880016990853,2.45,3.75
"ARUE023",5,5,1,6,1,1,31,0,6,6,1,2,2,1,1,0,0,0,0,1,0,1,1,0,8,0,0,0,1,0,2,1,0,4,0,1,30.331875,-29.657,"ARUE",-12.2243369193286,-733.942113317534,-0.135208515365138,-0.766715101974782,1,1,0,0,0,0,0,0,"ARUE",0.778545689233102,2.2,3.1
"ARUE025",8,7,3,9,1,1,52,1,9,5,1.8,2,2,1,1,0,0,0,1,1,1,1,1,0,8,1,0,1,3,0,2,1,1,4,0,0,30.330185,-29.654509,"ARUE",-175.53761275811,-456.955551046035,-0.298521791203919,-0.489728539703283,18,1,0,0,0,0,0,0,"ARUE",0.573541020698177,2,3.9375
"ARUE026",7,3,2,8,1,1,43,1,5,2,2.5,2,2,4,1,1,0,0,1,1,0,1,1,0,4,1,0,1,3,0,2,1,1,5,0,1,30.330381,-29.65583,"ARUE",-156.597138163888,-603.844049143585,-0.279581316609698,-0.636617037800833,21,1,0,0,0,0,0,0,"ARUE",0.695303505970968,2.28571428571429,3.52380952380952
"ARUE030",3,2,3,5,1,1,67,0,1,5,0.2,1,3,4,1,1,0,1,0,0,0,0,0,0,7,0,0,0,2,0,2,1,1,4,1,0,30.3314444,-29.65575,"ARUE",-53.8353999822917,-594.948455011962,-0.176819578428101,-0.62772144366921,13,1,0,0,0,0,0,0,"ARUE",0.652149809597188,2.33333333333333,2.91666666666667
"ARUE033",7,6,4,8,1,1,41,0,7,6,1.16666666666667,3,2,4,1,0,0,0,1,0,1,1,1,0,8,1,1,1,2,1,2,2,1,4,0,1,30.328247,-29.65427,"ARUE",-362.816387063091,-430.379963577925,-0.4858005655089,-0.463152952235173,16,1,0,0,0,0,0,0,"ARUE",0.671202537698513,1.94444444444444,3.94444444444444
"ARUE034",6,6,4,7,1,1,26,1,8,5,1.6,2,2,3,1,1,1,0,1,0,0,0,1,0,8,1,1,1,1,1,2,2,1,4,0,1,30.33086,-29.65575,"ARUE",-110.308937496952,-594.948455011962,-0.233293115942761,-0.62772144366921,18,1,0,0,0,0,0,0,"ARUE",0.669671478255152,2.0952380952381,2.80952380952381
"ARUE035",6,5,2,7,1,1,51,0,5,8,0.625,3,3,4,1,1,0,0,1,1,0,1,1,0,7,1,1,1,1,0,2,1,1,4,0,1,30.32775,-29.654167,"ARUE",-410.844019070051,-418.926886133613,-0.53382819751586,-0.451699874790861,11,1,0,0,0,0,0,0,"ARUE",0.699289154319665,2.5,4.38888888888889
"ARUE036",8,3,4,9,1,1,63,0,5,4,1.25,3,3,4,1,1,0,0,1,0,0,1,0,1,7,1,0,1,1,0,2,1,1,4,1,1,30.33548,-29.65045,"ARUE",336.145106511953,-5.61534379559441,0.213160928066144,-0.0383883324528423,10,1,0,0,0,0,0,0,"ARUE",0.216590039758364,0.85,3.3
"ARUE038",7,5,4,8,1,1,54,0,7,7,1,3,1,6,1,1,1,1,0,0,0,1,1,0,7,0,1,0,2,1,2,2,1,4,1,0,30.3275556,-29.654361,"ARUE",-429.629877545388,-440.49870190271,-0.552614055991197,-0.473271690559958,11,1,0,0,0,0,0,0,"ARUE",0.72757706668402,2.15789473684211,4.21052631578947
"ARUE040",6,6,6,8,1,1,55,1,4,4,1,2,3,5,1,1,1,1,0,0,0,0,1,0,8,1,1,1,2,1,3,1,1,5,0,1,30.3299167,-29.655111,"ARUE",-201.46480323613,-523.894896886133,-0.324448981681939,-0.55666788554338,27,1,0,0,0,0,0,0,"ARUE",0.64431845892368,2,3.95238095238095
"ARUE042",6,3,3,7,1,1,53,1,4,5,0.8,2,2,0,0,0,0,0,0,0,1,1,1,0,8,1,1,0,1,1,2,2,1,3,0,1,30.3273611,-29.654111,"ARUE",-448.425399527941,-412.699970241438,-0.57140957797375,-0.445472958898686,11,1,0,0,0,0,0,0,"ARUE",0.724537827107798,2.14285714285714,4.07142857142857
"ARUE047",7,4,0,7,0,1,47,1,3,1,3,2,1,1,0,0,0,0,0,1,0,0,1,0,7,1,0,1,3,1,2,1,1,5,0,1,30.32781,-29.654291,"ARUE",-405.045914602621,-432.715057037491,-0.52803009304843,-0.465488045694739,12,1,0,0,0,0,0,0,"ARUE",0.703913986115805,2.63157894736842,4.52631578947368
"ARUE054",7,4,4,8,1,1,48,0,4,1,4,2,1,5,0,0,0,0,0,1,0,1,1,0,8,1,1,1,1,0,3,1,1,5,0,0,30.329268,-29.654844,"ARUE",-264.151976038794,-494.205851471935,-0.387136154484603,-0.526978840129183,22,1,0,0,0,0,0,0,"ARUE",0.653896857350626,2.1875,4.0625
"ARUE057",5,3,3,6,1,1,43,0,3,3,1,2,1,1,1,0,0,0,1,1,0,1,1,1,8,0,1,1,3,1,2,2,1,4,1,1,30.3275,-29.654833,"ARUE",-435.002787685371,-492.982707278772,-0.55798696613118,-0.52575569593602,11,1,0,0,0,0,0,0,"ARUE",0.766660619949563,2.15384615384615,4.38461538461538
"ARUE059",7,6,2,9,1,1,46,0,6,3,2,1,1,4,0,0,0,0,0,1,0,1,1,1,8,1,0,0,3,0,2,1,1,4,1,1,30.330324,-29.655705,"ARUE",-162.105337407981,-589.944683312949,-0.28508951585379,-0.622717671970197,22,1,0,0,0,0,0,0,"ARUE",0.684874682722124,2.23529411764706,3.05882352941176
"ARUE060",2,2,1,2,1,1,41,0,3,6,0.5,3,1,4,0,0,0,0,1,1,0,1,1,0,7,0,1,0,3,0,2,1,1,3,0,1,30.330101,-29.65494,"ARUE",-183.654959012923,-504.880564429724,-0.306639137458733,-0.537653553086972,27,1,0,0,0,0,0,0,"ARUE",0.618949839460744,2.25,4.5
"ARUE064",7,7,4,8,1,1,40,0,3,2,1.5,1,3,4,1,0,0,0,1,0,1,1,1,0,8,1,1,0,2,0,1,3,1,4,0,1,30.329125,-29.654837,"ARUE",-277.970791686477,-493.427486985413,-0.400954970132286,-0.526200475642661,23,1,0,0,0,0,0,0,"ARUE",0.661552589474446,1.85714285714286,3.5
"ARUE065",8,7,4,9,1,1,38,1,4,6,0.666666666666667,3,1,4,1,0,0,0,1,1,0,0,1,0,8,1,1,1,2,0,2,3,1,4,0,1,30.3283333,-29.654333,"ARUE",-354.476780137167,-437.385243956623,-0.477460958582976,-0.47015823261387,17,1,0,0,0,0,0,0,"ARUE",0.670087852945845,1.70588235294118,3.88235294117647
"ARUE071",8,5,4,9,1,1,37,1,3,4,0.75,1,2,2,1,1,0,0,0,0,0,1,1,0,8,0,1,0,2,0,2,1,1,5,0,1,30.330597,-29.656151,"ARUE",-135.72396208018,-639.537620596441,-0.25870814052599,-0.672310609253689,17,1,0,0,0,0,0,0,"ARUE",0.720368973019717,2,3.21052631578947
"ARUE074",4,1,0,4,0,1,59,0,1,7,0.142857142857143,2,2,1,1,0,0,0,0,0,0,0,1,0,7,0,0,1,1,0,2,3,1,4,0,1,30.330902,-29.655794,"ARUE",-106.250264369888,-599.841031784217,-0.229234442815697,-0.632614020441465,17,1,0,0,0,0,0,0,"ARUE",0.672866204109061,2.52380952380952,3.33333333333333
"ARUE075",6,2,2,7,1,1,40,1,1,1,1,1,2,3,1,1,0,0,0,0,0,0,1,1,7,1,0,1,1,0,2,3,1,5,0,1,30.33269,-29.64998,"ARUE",66.5332487661755,46.6462717273449,-0.0564509296796337,0.013873283070097,18,1,0,0,0,0,0,0,"ARUE",0.0581306755924786,2.69230769230769,3.69230769230769
"ARUE076",6,4,2,7,1,1,72,1,8,7,1.14285714285714,1,3,4,1,1,0,0,1,1,0,1,1,0,7,0,1,1,2,0,2,1,1,4,0,1,30.3278889,-29.654278,"ARUE",-397.421407227481,-431.269522991206,-0.52040558567329,-0.464042511648454,13,1,0,0,0,0,0,0,"ARUE",0.697249902271033,2.42105263157895,4.52631578947368
"ARUE077",5,4,3,6,1,1,39,1,5,5,1,3,2,3,1,0,0,0,1,0,0,1,1,0,8,1,1,1,3,1,2,2,1,4,1,1,30.329399,-29.655041,"ARUE",-251.492781284459,-516.111252020913,-0.374476959730269,-0.548884240678161,22,1,0,0,0,0,0,0,"ARUE",0.664459858105564,2,3.75
"ARUE078",5,2,1,5,1,1,39,1,5,2,2.5,2,1,4,1,1,1,1,1,0,0,1,1,1,8,1,0,1,2,1,2,2,1,4,0,1,30.3306,-29.65615,"ARUE",-135.434056856843,-639.426425669682,-0.258418235302653,-0.67219941432693,17,1,0,0,0,0,0,0,"ARUE",0.720161118749412,2.31578947368421,3.52631578947368
"ARUE083",7,3,1,7,1,1,32,1,10,7,1.42857142857143,3,2,3,1,0,0,0,0,0,0,0,0,0,8,1,1,1,2,0,2,1,0,4,1,1,30.334583,-29.645414,"ARUE",249.463444720413,554.362306786457,0.126479266274604,0.521589318129209,12,1,0,0,0,0,0,0,"ARUE",0.536705153304732,1.44444444444444,3.11111111111111
"ARUE086",6,3,2,7,1,1,68,1,4,4,1,3,3,5,1,0,0,0,0,1,0,1,1,0,8,0,0,1,3,0,2,1,0,4,0,1,30.33546,-29.65713,"ARUE",334.21240502281,-748.397453781175,0.211228226577001,-0.781170442438423,0,1,0,0,0,0,0,0,"ARUE",0.809224705407778,2.27272727272727,2.72727272727273
"ARUE089",4,0,0,5,0,0,57,1,5,5,1,2,2,1,1,0,0,0,1,0,0,0,1,0,8,1,1,0,1,0,2,1,1,4,1,1,30.328732,-29.654709,"ARUE",-315.948375949823,-479.194536374895,-0.438932554395632,-0.511967525032143,25,1,0,0,0,0,0,0,"ARUE",0.674368248063187,3.07692307692308,5.30769230769231
"ARUE090",7,4,3,8,1,1,57,1,3,6,0.5,2,1,1,1,1,1,1,0,0,0,1,1,1,8,1,1,1,3,0,2,2,1,4,0,1,30.3295556,-29.655556,"ARUE",-236.359728623857,-573.376639242866,-0.359343907069666,-0.606149627900113,25,1,0,0,0,0,0,0,"ARUE",0.704659786671227,2.28571428571429,4
"ARUE091",2,2,2,3,1,1,52,1,4,7,0.571428571428571,2,2,1,1,1,1,1,1,1,0,1,1,1,8,1,1,1,1,0,2,3,1,4,0,1,30.32787,-29.65463,"ARUE",-399.247810134848,-470.410137170031,-0.522231988580657,-0.503183125827279,13,1,0,0,0,0,0,0,"ARUE",0.72520308053277,2.42105263157895,4.73684210526316
"ARUE092",8,5,3,9,1,1,63,0,5,6,0.833333333333333,1,3,4,1,1,1,1,1,0,0,0,1,0,8,1,1,1,1,0,2,1,1,4,1,1,30.3301389,-29.65425,"ARUE",-179.99248969063,-428.156065045118,-0.302976668136439,-0.460929053702366,12,1,0,0,0,0,0,0,"ARUE",0.551589026342998,1.71428571428571,4.28571428571428
"ARUE097",7,4,1,7,1,1,23,1,2,1,2,1,2,1,1,1,0,0,1,1,1,1,1,0,8,1,0,0,1,1,2,2,1,4,1,1,30.3294722,-29.655722,"ARUE",-244.41909383366,-591.834997065875,-0.367403272279469,-0.624607985723122,23,1,0,0,0,0,0,0,"ARUE",0.724651847655657,2.27272727272727,3.72727272727273
"ARUE099",7,4,2,8,1,1,56,1,6,6,1,1,2,2,0,1,1,1,0,0,0,1,1,0,8,1,1,1,3,0,1,3,1,3,1,1,30.3293056,-29.655972,"ARUE",-260.518497238834,-619.633728726752,-0.383502675684643,-0.652406717384,18,1,0,0,0,0,0,0,"ARUE",0.756775281801042,2.09090909090909,3.72727272727273
"ARUE100",5,3,0,6,0,1,69,1,4,2,2,1,2,4,1,0,0,0,1,1,0,1,1,0,8,1,1,1,1,0,3,1,1,4,1,1,30.3295556,-29.654444,"ARUE",-236.359728623857,-449.727880814215,-0.359343907069666,-0.482500869471463,17,1,0,0,0,0,0,0,"ARUE",0.601610449201816,2.38888888888889,4.5
"ARUE101",4,2,2,5,1,1,63,1,4,1,4,1,3,4,1,1,0,0,1,1,0,0,0,1,8,1,1,1,1,0,2,3,0,4,0,1,30.33114,-29.64917,"ARUE",-83.2511166479166,136.714162309188,-0.206235295093726,0.10394117365194,10,1,0,0,0,0,0,0,"ARUE",0.230947536298916,1.41666666666667,3.25
"ARUF102",2,0,1,2,1,0,49,1,2,4,0.5,3,2,1,1,1,0,0,1,0,0,0,1,1,8,1,0,1,3,1,2,2,1,4,0,1,30.34116,-29.65865,"ARUF",885.032329449225,-917.413742281221,0.762048151003416,-0.950186730938469,2,0,1,0,0,0,0,0,"ARUF",1.21801978969935,2.4,3.9
"ARUF104",8,5,4,9,1,1,25,1,6,4,1.5,3,2,5,1,1,0,0,1,1,0,1,1,0,6,1,1,1,2,0,2,1,1,4,0,1,30.341122,-29.659487,"ARUF",881.360196619716,-1010.48389588239,0.758376018173907,-1.04325688453964,2,0,1,0,0,0,0,0,"ARUF",1.28977482999191,1.7,2.9
"ARUF106",5,3,3,6,1,1,59,1,4,4,1,1,2,4,1,1,0,1,0,1,0,1,1,0,6,1,1,1,3,0,2,1,1,1,0,1,30.341211,-29.659113,"ARUF",889.960718246987,-968.896993317639,0.766976539801178,-1.00166998197489,2,0,1,0,0,0,0,0,"ARUF",1.26158462474578,2,3.3
"ARUO111",6,3,2,6,1,1,38,1,4,1,4,1,2,3,1,1,0,0,1,0,1,0,1,1,8,1,1,1,3,0,2,1,1,4,0,1,30.332,-29.65096,"ARUO",-0.144952611668575,-62.3247563845427,-0.123129131057478,-0.0950977450417907,26,0,0,0,1,0,0,0,"ARUO",0.155577517742773,2.28571428571429,3.78571428571429
"ARUO117",8,2,8,9,1,1,54,1,1,1,1,3,1,1,0,1,0,0,0,0,0,0,0,0,8,1,0,0,1,0,2,1,0,5,0,0,30.332771,-29.650824,"ARUO",74.3606897976519,-47.2022463607442,-0.0486234886481574,-0.0799752350179921,20,0,0,0,1,0,0,0,"ARUO",0.0935963774112041,2.58823529411765,4.29411764705882
"ARUO118",5,3,2,6,1,1,68,1,6,4,1.5,1,3,4,1,1,0,0,0,1,1,1,1,1,8,0,0,1,3,0,2,1,1,5,1,1,30.331591,-29.649828,"ARUO",-39.6686980662609,63.5479005773101,-0.16265287651207,0.0307749119200621,19,0,0,0,1,0,0,0,"ARUO",0.16553867657239,1.85,3.05
"ARUO124",8,4,4,9,1,1,55,1,2,1,2,3,1,5,1,1,0,0,1,0,0,1,0,0,8,1,0,1,1,0,2,1,1,5,0,0,30.331469,-29.649778,"ARUO",-51.4581771505838,69.1076469093275,-0.174442355596393,0.0363346582520796,18,0,0,0,1,0,0,0,"ARUO",0.178186258775232,1.83333333333333,3.11111111111111
"ARUO125",8,5,3,9,1,1,33,0,1,1,1,3,1,4,0,1,0,1,1,0,0,0,1,1,8,0,0,0,2,0,1,3,1,4,0,1,30.33264,-29.65086,"ARUO",61.7014950433175,-51.2052637201128,-0.0612826834024918,-0.0839782523773607,23,0,0,0,1,0,0,0,"ARUO",0.103961118488432,2.76,3.76
"ARUO126",5,4,1,6,1,1,46,1,4,1,1.16666666666667,3,1,8,1,1,0,0,1,0,1,1,0,1,8,1,0,0,1,1,2,2,1,4,0,1,30.33264,-29.65086,"ARUO",61.7014950433175,-51.2052637201128,-0.0612826834024918,-0.0839782523773607,23,0,0,0,1,0,0,0,"ARUO",0.103961118488432,2.95454545454545,3.63636363636364
"ARUO127",7,4,1,9,1,1,43,1,8,7,1.14285714285714,1,2,2,1,1,0,0,0,0,0,1,1,1,8,0,0,0,1,0,2,1,0,1,0,1,30.330986,-29.649075,"ARUO",-98.1329181150747,147.277680340614,-0.221117096560884,0.114504691683366,9,0,0,0,1,0,0,0,"ARUO",0.249006214398392,1.77777777777778,3
"ARUO129",5,4,2,5,1,1,39,1,7,6,1.16666666666667,3,1,3,0,1,0,0,1,0,0,1,1,1,8,1,1,1,2,0,2,1,1,4,0,1,30.33234,-29.65132,"ARUO",32.710972704796,-102.354929976254,-0.0902732057410132,-0.135127918633502,20,0,0,0,1,0,0,0,"ARUO",0.16250786463732,2.0625,3.5625
"ARUO130",5,4,0,5,0,1,41,1,9,4,2.25,3,2,3,1,1,0,0,1,1,0,1,1,0,8,1,1,1,1,1,2,2,1,4,0,1,30.33143,-29.6499,"ARUO",-55.2269450543101,55.5418658589679,-0.178211123500119,0.0227688772017199,19,0,0,0,1,0,0,0,"ARUO",0.179659751497662,2.15789473684211,3.10526315789474
"ARUO131",4,2,0,5,0,1,74,1,8,6,1.33333333333333,3,3,4,1,1,0,0,1,0,0,1,1,0,7,1,1,1,3,0,1,3,0,5,1,1,30.33255,-29.651365,"ARUO",53.0043383418297,-107.358701675267,-0.0699798401039795,-0.140131690332515,19,0,0,0,1,0,0,0,"ARUO",0.156633548949216,2.13333333333333,3.86666666666667
"ARUO132",8,5,4,9,1,1,71,1,5,6,0.833333333333333,3,3,4,1,1,0,0,1,1,0,0,1,1,8,1,0,1,3,0,2,1,1,4,0,1,30.33254,-29.65135,"ARUO",52.0379875972581,-105.690777775859,-0.0709461908485511,-0.138463766433107,19,0,0,0,1,0,0,0,"ARUO",0.155581414734412,1.64705882352941,3.58823529411765
"ARUO133",5,3,3,6,1,1,70,1,10,6,1.66666666666667,2,2,4,1,1,1,0,1,0,0,1,1,0,8,1,1,1,3,1,2,2,1,4,1,1,30.33067,-29.651,"ARUO",-128.669601644499,-66.7725534501567,-0.251653780090308,-0.0995455421074046,9,0,0,0,1,0,0,0,"ARUO",0.270626938768479,1.66666666666667,3
"ARUO139",0,0,0,0,0,0,51,0,1,1,1,1,2,1,1,1,0,0,1,0,0,1,1,0,8,1,0,1,1,1,2,2,1,4,0,1,30.33279,-29.64974,"ARUO",76.1967562122349,73.3330541218188,-0.0467874222335743,0.0405600654645709,15,0,0,0,1,0,0,0,"ARUO",0.0619207702613028,2.7,3.9
"ARUO140",7,5,3,8,1,1,43,0,3,3,1,3,2,1,1,1,0,0,1,1,0,1,1,0,8,0,0,0,2,0,2,1,1,4,1,1,30.33089,-29.64988,"ARUO",-107.409885263237,57.7657643917749,-0.230394063709046,0.0249927757345269,12,0,0,0,1,0,0,0,"ARUO",0.231745686974503,1.68421052631579,2.94736842105263
"ARUO141",0,0,0,0,0,0,66,1,6,5,1.2,2,3,4,1,1,0,0,1,1,0,1,1,0,8,1,0,1,1,1,2,2,1,3,1,1,30.33254,-29.65135,"ARUO",52.0379875972581,-105.690777775859,-0.0709461908485511,-0.138463766433107,19,0,0,0,1,0,0,0,"ARUO",0.155581414734412,2.11764705882353,4.17647058823529
"ARUO145",7,6,4,8,1,1,59,1,2,4,0.5,3,2,0,0,1,1,1,0,0,0,1,1,1,7,1,0,1,3,0,2,2,1,5,0,1,30.332539,-29.650124,"ARUO",51.9413525226979,30.6342022902655,-0.0710428259231113,-0.00213878636698239,25,0,0,0,1,0,0,0,"ARUO",0.0710750133469216,2.07692307692308,3
"ARUO146",7,5,4,8,1,1,45,1,6,4,1.5,3,1,7,0,0,1,0,1,0,0,1,1,1,5,0,0,0,1,1,2,2,1,4,1,1,30.332588,-29.651352,"ARUO",56.6764711713391,-105.913167628982,-0.0663077072744701,-0.13868615628623,19,0,0,0,1,0,0,0,"ARUO",0.153722353577628,2,3.52941176470588
"ARUO147",6,6,1,8,1,1,66,1,8,6,1.33333333333333,1,3,4,1,1,0,0,0,0,0,1,1,1,7,1,0,1,3,0,2,1,0,3,0,1,30.336031,-29.652912,"ARUO",389.391032539668,-279.377253194642,0.266406854093859,-0.31215024185189,4,0,0,0,1,0,0,0,"ARUO",0.410378344209804,1.5625,3.0625
"ARUO148",7,6,3,8,1,1,28,0,1,1,1,3,1,4,0,1,0,0,1,1,0,1,1,1,8,0,0,0,1,0,2,3,1,4,0,1,30.332531,-29.650557,"ARUO",51.1682719269033,-17.5132009465463,-0.0718159065189059,-0.0502861896037942,26,0,0,0,1,0,0,0,"ARUO",0.0876711200681329,2.85,3.45
"ARUO150",4,3,0,6,0,1,48,1,3,8,0.375,3,1,5,0,1,0,0,1,0,0,0,0,1,8,1,0,0,2,1,2,1,0,5,1,1,30.331217,-29.65082,"ARUO",-75.8102159146809,-46.7574666541038,-0.19879439436049,-0.0795304553113517,23,0,0,0,1,0,0,0,"ARUO",0.214112831355771,2.75,3.41666666666667
"ARUO153",4,3,1,5,1,1,65,1,2,6,0.333333333333333,3,3,4,1,1,0,1,1,0,0,1,1,1,8,1,0,1,1,1,2,1,1,4,0,1,30.33265,-29.65138,"ARUO",62.6678457878891,-109.02662557507,-0.0603163326579201,-0.141799614232317,18,0,0,0,1,0,0,0,"ARUO",0.154094745470879,2,3.78571428571429
"ARUO156",6,6,2,7,1,1,72,1,3,5,0.6,3,3,4,1,1,0,0,0,0,0,1,1,1,8,1,1,1,3,0,2,1,0,4,0,1,30.33216,-29.65169,"ARUO",15.3166593018205,-143.497052834763,-0.107667519143989,-0.176270041492011,15,0,0,0,1,0,0,0,"ARUO",0.206551258060115,1.92857142857143,3.28571428571429
"ARUO159",6,4,3,7,1,1,28,1,2,2,1,1,3,4,1,0,0,0,1,1,0,1,1,0,7,1,0,1,3,0,2,1,1,5,1,1,30.333246,-29.650663,"ARUO",120.262350166348,-29.2998631711344,-0.00272182827946112,-0.0620728518283823,18,0,0,0,1,0,0,0,"ARUO",0.0621324978034135,3.23076923076923,3.30769230769231
"ARUO160",5,4,0,7,0,1,27,1,6,8,0.75,2,1,5,0,1,0,0,0,0,0,0,1,1,7,0,0,1,2,0,2,1,1,5,1,1,30.33281,-29.65053,"ARUO",78.1294577013781,-14.5109379272174,-0.0448547207444311,-0.0472839265844653,22,0,0,0,1,0,0,0,"ARUO",0.0651745018109537,3.26315789473684,3.78947368421053
"ARUO165",7,4,3,7,1,1,38,1,4,1,1.16666666666667,2,1,4,1,1,0,0,1,0,0,0,1,0,8,1,1,0,1,0,2,2,1,4,0,1,30.33128,-29.65025,"ARUO",-69.7222062235708,16.6236415332655,-0.19270638466938,-0.0161493471239824,20,0,0,0,1,0,0,0,"ARUO",0.193381881532045,1.9,3.2
"ARUO166",7,3,4,8,1,1,43,1,10,3,3.33333333333333,3,1,6,0,1,0,0,1,0,0,1,1,1,7,1,1,1,3,1,2,1,1,4,1,0,30.331621,-29.650414,"ARUO",-36.7696458325461,-1.61232643662085,-0.159753824278355,-0.0343853150938688,28,0,0,0,1,0,0,0,"ARUO",0.16341246667762,2,3.33333333333333
"ARUO167",5,2,0,7,0,1,65,1,7,3,2.33333333333333,2,3,4,1,1,0,0,1,0,0,0,0,1,8,0,1,1,3,0,2,2,0,4,0,1,30.330896,-29.649775,"ARUO",-106.830074816562,69.441231689209,-0.229814253262372,0.0366682430319611,12,0,0,0,1,0,0,0,"ARUO",0.232721187367185,2.11111111111111,3.27777777777778
"ARUO169",5,2,1,6,1,1,81,1,1,4,0.25,1,3,4,1,1,0,1,1,0,0,1,1,1,8,1,0,1,1,0,1,3,0,4,0,1,30.33239,-29.65041,"ARUO",37.5427264279974,-1.16754672998044,-0.0854414520178119,-0.0339405353872284,26,0,0,0,1,0,0,0,"ARUO",0.091935856254694,3.11764705882353,3.76470588235294
"ARUO173",5,3,3,5,1,1,70,1,6,8,0.75,1,3,4,1,1,0,1,1,0,1,0,1,1,8,1,1,1,2,1,2,2,1,4,0,1,30.33132,-29.65031,"ARUO",-65.8568032449411,9.95194593444951,-0.18884098169075,-0.0228210427227984,22,0,0,0,1,0,0,0,"ARUO",0.190214921488515,1.94444444444444,3.33333333333333
"ARUO176",5,4,4,5,1,1,52,0,1,1,1,3,1,4,0,1,0,1,1,1,0,1,0,1,8,1,0,1,1,0,2,1,0,4,0,0,30.332502,-29.650776,"ARUO",48.3658547677487,-41.8648898818494,-0.0746183236780606,-0.0746378785390973,26,0,0,0,1,0,0,0,"ARUO",0.105540073627702,2.78947368421053,3.78947368421053
"ARUO178",4,1,0,6,0,1,65,1,6,3,2,3,3,4,1,1,0,0,1,0,0,0,0,1,8,1,0,1,1,0,2,1,0,4,0,0,30.330896,-29.649775,"ARUO",-106.830074816562,69.441231689209,-0.229814253262372,0.0366682430319611,12,0,0,0,1,0,0,0,"ARUO",0.232721187367185,2,3.375
"ARUO182",8,4,6,9,1,1,40,1,3,1,3,3,2,3,1,1,1,0,1,0,0,0,0,1,7,1,1,1,1,0,2,1,1,5,0,0,30.333376,-29.650511,"ARUO",132.824909846466,-12.3982343211693,0.00984073140065638,-0.0451712229784172,18,0,0,0,1,0,0,0,"ARUO",0.0462307190065842,2.41666666666667,3.16666666666667
"ARUL194",8,5,1,8,1,1,81,0,6,6,1,3,3,4,1,1,0,0,1,0,0,0,0,1,8,1,0,1,2,0,2,1,1,4,1,0,30.327597,-29.64426,"ARUL",-425.629185462649,682.68125213424,-0.548613363908458,0.649908263476992,19,0,0,1,0,0,0,0,"ARUL",0.850504188111166,1.88888888888889,4.05555555555556
"ARUL196",6,3,0,7,0,1,35,1,3,5,0.6,2,2,1,1,1,0,0,0,0,0,1,1,0,8,1,1,1,1,0,2,1,1,4,0,0,30.32905,-29.64325,"ARUL",-285.218422271279,794.988128045338,-0.408202600717088,0.76221513938809,11,0,0,1,0,0,0,0,"ARUL",0.864639394166493,2.08333333333333,3.91666666666667
"ARUL198",6,3,1,6,1,1,59,0,7,5,1.4,3,3,4,1,1,0,1,1,1,0,1,0,1,8,1,0,0,3,0,2,1,0,4,0,1,30.327429,-29.643459,"ARUL",-441.863877972276,771.748388376438,-0.564848056418085,0.73897539971919,18,0,0,1,0,0,0,0,"ARUL",0.93012793110917,3.47058823529412,4.58823529411765
"ARUL200",7,4,3,7,1,1,60,1,1,1,1,1,3,4,1,1,0,0,0,1,0,1,1,0,8,1,1,1,2,0,2,1,0,3,0,1,30.327314,-29.64473,"ARUL",-452.976911535021,630.4196366113,-0.57596108998083,0.597646647954052,15,0,0,1,0,0,0,0,"ARUL",0.830007646339852,1.5,4.125
"ARUL201",6,5,2,6,1,1,31,1,2,1,2,1,2,3,1,0,0,0,1,1,0,1,0,1,6,1,1,0,1,0,2,1,0,4,0,0,30.327887,-29.644804,"ARUL",-397.605013869042,622.19121203944,-0.520589192314851,0.589418223382193,13,0,0,1,0,0,0,0,"ARUL",0.786401264756136,1.86666666666667,4.2
"ARUL203",8,4,3,8,1,1,31,1,5,2,2.5,1,1,5,1,1,0,0,1,1,1,1,1,0,7,1,1,1,3,1,2,1,1,5,0,1,30.328276,-29.644869,"ARUL",-360.013969903936,614.96354180762,-0.482998148349746,0.582190553150372,10,0,0,1,0,0,0,0,"ARUL",0.756460872409684,1.69230769230769,4.30769230769231
"ARUL205",2,2,1,2,1,1,49,0,4,3,1.33333333333333,3,2,0,0,1,0,1,1,0,0,0,0,1,7,0,0,0,2,1,2,2,1,4,0,0,30.326734,-29.643978,"ARUL",-509.025254722577,714.038221447845,-0.632009433168387,0.681265232790597,16,0,0,1,0,0,0,0,"ARUL",0.929278344212891,2.375,4
"ARUL210",8,4,7,8,1,1,46,1,6,2,3,2,1,3,1,1,0,0,1,0,0,1,1,1,8,0,0,1,3,0,2,1,1,3,0,1,30.327616,-29.643604,"ARUL",-423.793119048066,755.625124012995,-0.546777297493875,0.722852135355747,20,0,0,1,0,0,0,0,"ARUL",0.906355682192741,2.55,4.3
"ARUL213",7,6,5,7,1,1,58,1,8,4,2,1,2,4,1,1,0,1,1,0,0,1,1,1,8,1,1,1,3,1,2,2,1,4,1,1,30.32763,-29.64331,"ARUL",-422.440228005597,788.316432446522,-0.545424406451406,0.755543443789274,19,0,0,1,0,0,0,0,"ARUL",0.931844235162629,2.40909090909091,3.95454545454545
"ARUL214",6,4,3,6,1,1,53,1,2,1,2,2,1,5,0,1,0,0,1,1,1,1,1,1,7,0,1,0,2,0,2,1,1,2,1,1,30.327465,-29.643311,"ARUL",-438.385015291543,788.205237519763,-0.561369193737353,0.755432248862515,16,0,0,1,0,0,0,0,"ARUL",0.941176526640354,2.76190476190476,4.23809523809524
"ARUL218",6,1,0,6,0,1,49,1,8,6,1.33333333333333,2,2,3,1,1,1,1,1,0,0,0,1,1,8,1,0,1,3,0,2,1,1,4,1,1,30.3319,-29.64066,"ARUL",-9.80846005772796,1082.98298805451,-0.132792638503537,1.05020999939726,0,0,0,1,0,0,0,0,"ARUL",1.05857211737072,2.125,3.875
"ARUL220",8,5,2,8,1,1,38,1,2,1,2,1,2,3,1,1,0,0,1,0,0,0,1,0,8,1,0,0,1,0,2,1,1,4,0,1,30.328657,-29.642336,"ARUL",-323.196006534282,896.620290998251,-0.446180184980091,0.863847302341004,7,0,0,1,0,0,0,0,"ARUL",0.972269982685209,1.76923076923077,3.38461538461539
"ARUL222",6,3,1,6,1,1,37,1,4,3,1.33333333333333,1,1,5,1,1,1,1,0,0,0,1,1,1,7,0,0,0,1,0,2,3,1,4,0,0,30.328146,-29.643385,"ARUL",-372.576529583711,779.976812948298,-0.49556070802952,0.74720382429105,19,0,0,1,0,0,0,0,"ARUL",0.896601344175821,2.94444444444444,4.16666666666667
"ARUL224",7,3,2,7,1,1,55,1,8,3,2.66666666666667,1,2,3,1,1,0,0,0,0,0,0,0,0,8,1,1,1,1,0,2,1,1,4,0,0,30.328373,-29.642138,"ARUL",-350.640367681214,918.636886473989,-0.473624546127023,0.885863897816741,7,0,0,1,0,0,0,0,"ARUL",1.00452727994271,1.91666666666667,3.75
"ARUL228",6,4,3,6,1,1,47,1,3,2,1.5,1,2,2,1,1,0,0,0,0,0,0,0,1,8,1,1,1,1,0,2,1,0,4,0,1,30.327847,-29.643868,"ARUL",-401.470416847672,726.269663378679,-0.524454595293481,0.693496674721431,21,0,0,1,0,0,0,0,"ARUL",0.86947700393635,2.05882352941176,4.11764705882353
"ARUL229",7,5,1,8,1,1,67,1,2,4,0.5,1,3,4,1,0,0,0,1,0,0,1,0,1,5,1,0,1,3,0,2,1,0,4,0,1,30.327549,-29.64374,"ARUL",-430.26766903673,740.502613989197,-0.553251847482539,0.707729625331949,20,0,0,1,0,0,0,0,"ARUL",0.898314437886503,3.15,4.3
"ARUL231",7,5,2,7,1,1,40,1,4,4,1.16666666666667,2,1,5,1,1,0,1,1,0,0,1,1,1,7,1,1,1,3,0,2,1,1,4,1,1,30.32769,-29.64356,"ARUL",-416.642123537824,760.517700785249,-0.539626301983633,0.727744712128002,20,0,0,1,0,0,0,0,"ARUL",0.905985050551497,3.16666666666667,4.33333333333333
"ARUL232",7,6,4,8,1,1,32,1,4,4,1.16666666666667,2,2,0,0,1,1,1,1,0,0,1,1,1,8,1,1,1,3,1,3,1,1,4,1,1,30.327599,-29.643435,"ARUL",-425.435915313872,774.417066615886,-0.548420093759681,0.741644077958638,19,0,0,1,0,0,0,0,"ARUL",0.92238849603109,2.94444444444444,4.16666666666667
"ARUL233",5,4,3,5,1,1,35,1,4,3,1.33333333333333,1,1,4,1,0,1,0,0,1,0,1,1,1,8,0,1,0,3,0,2,1,0,4,0,1,30.327719,-29.644665,"ARUL",-413.839706378669,637.647306843121,-0.536823884824478,0.604874318185873,16,0,0,1,0,0,0,0,"ARUL",0.808735323897052,1.625,4.25
"ARUL235",4,3,0,4,0,1,37,1,3,5,0.6,3,1,5,1,1,0,1,0,0,0,1,0,1,8,1,1,0,1,0,2,1,1,4,0,1,30.32753,-29.6442,"ARUL",-432.103735451656,689.352947732661,-0.555087913897465,0.656579959075413,19,0,0,1,0,0,0,0,"ARUL",0.859778945319383,2.27777777777778,4.22222222222222
"ARUL238",4,4,3,4,1,1,76,1,3,5,0.6,2,3,4,1,1,0,0,0,0,0,0,0,1,8,1,0,1,2,0,2,1,0,4,0,0,30.327738,-29.644203,"ARUL",-412.003639963743,689.019362952779,-0.534987818409552,0.656246374295531,19,0,0,1,0,0,0,0,"ARUL",0.846682508159134,1.88888888888889,4.16666666666667
"ARUL241",6,5,0,6,0,1,50,1,6,5,1.2,3,2,1,1,1,1,1,0,0,0,0,0,1,8,1,1,1,2,0,2,1,0,4,0,0,30.327799,-29.644617,"ARUL",-406.108900421753,642.984663322015,-0.529093078867562,0.610211674664768,19,0,0,1,0,0,0,0,"ARUL",0.807649536620146,2,4.125
"ARUL242",4,4,1,5,1,1,52,1,5,5,1,1,2,2,1,1,0,0,0,0,0,1,0,0,8,1,1,1,1,0,2,2,1,4,0,0,30.328213,-29.642498,"ARUL",-366.101979594703,878.606712881883,-0.489086158040512,0.845833724224635,12,0,0,1,0,0,0,0,"ARUL",0.977056783929442,1.92307692307692,3.53846153846154
"ARUL244",5,3,2,5,1,1,88,1,1,2,0.5,1,3,4,1,0,0,0,1,1,0,1,1,1,6,0,0,1,1,0,2,3,1,4,0,0,30.328167,-29.642883,"ARUL",-370.547193020007,835.796666123571,-0.493531371465816,0.803023677466323,14,0,0,1,0,0,0,0,"ARUL",0.942560470841244,2,3.85714285714286
"ARUS250",1,0,0,1,0,0,62,1,1,1,1,1,2,4,1,0,0,1,1,1,0,1,1,0,8,1,0,1,1,0,1,3,0,4,0,1,30.337412,-29.642933,"ARUS",522.84407037026,830.236919791553,0.399859891924451,0.797463931134305,0,0,0,0,0,1,0,0,"ARUS",0.892096774251546,2.3,3.8
"ARUS254",6,4,2,6,1,1,54,1,9,5,1.8,2,1,3,1,0,0,0,0,1,0,0,1,0,8,1,1,0,3,0,1,3,1,2,0,1,30.335167,-29.646137,"ARUS",305.898328205523,473.968374822364,0.182914149759714,0.441195386165116,12,0,0,0,0,1,0,0,"ARUS",0.477609626112901,1.72222222222222,3.38888888888889
"ARUS255",7,5,1,7,1,1,71,1,4,4,1,2,3,4,1,0,0,0,0,0,0,1,1,0,3,1,0,1,1,0,2,1,1,5,1,0,30.335608,-29.645946,"ARUS",348.514396042951,495.206605811579,0.225530217597141,0.462433617154331,13,0,0,0,0,1,0,0,"ARUS",0.514498522178492,1.94444444444444,3.66666666666667
"ARUS256",6,3,2,6,1,1,31,1,11,8,1.375,3,2,0,0,1,1,1,0,0,0,0,0,0,8,0,0,0,3,0,2,1,1,5,0,1,30.33494,-29.645996,"ARUS",283.962166303027,489.646859479167,0.160977987857217,0.456873870821919,12,0,0,0,0,1,0,0,"ARUS",0.484404424437228,1.5,3.125
"ARUS259",6,4,0,6,0,1,46,0,5,4,1.25,1,1,2,0,1,0,0,0,1,0,0,0,0,8,1,1,0,1,0,2,1,1,3,1,1,30.335451,-29.646029,"ARUS",333.342689352455,485.977426900075,0.210358510906646,0.453204438242827,13,0,0,0,0,1,0,0,"ARUS",0.499644839815101,1.85,3.55
"ARUS260",5,4,2,6,1,1,28,1,1,1,1,3,2,3,1,1,0,1,1,0,0,0,0,0,8,0,0,0,1,0,2,1,0,4,0,0,30.336365,-29.644701,"ARUS",421.667147409802,633.644289483752,0.298682968963993,0.600871300826504,5,0,0,0,0,1,0,0,"ARUS",0.671012545416314,1.76923076923077,3.23076923076923
"ARUS263",6,4,1,8,1,1,40,1,3,5,0.6,3,1,6,0,1,0,0,1,0,0,0,0,0,8,0,0,1,1,0,2,1,1,4,0,0,30.335104,-29.645592,"ARUS",299.810318514756,534.569609843527,0.176826140068947,0.501796621186279,13,0,0,0,0,1,0,0,"ARUS",0.532040724799943,1.55,3
"ARUS264",8,5,1,8,1,1,73,0,5,2,2.5,1,3,4,1,0,0,0,0,0,0,1,0,0,8,1,1,1,3,1,2,1,1,4,0,0,30.334944,-29.645935,"ARUS",284.348706600924,496.429750004347,0.161364528155115,0.463656761347099,12,0,0,0,0,1,0,0,"ARUS",0.49093390928882,1.66666666666667,3.11111111111111
"ARUS267",5,2,3,6,1,1,36,1,13,8,1.625,3,1,1,0,1,1,1,0,0,0,1,0,0,8,0,0,1,3,1,2,1,1,5,0,1,30.334877,-29.646048,"ARUS",277.874156611917,483.864723293632,0.154889978166107,0.451091734636384,12,0,0,0,0,1,0,0,"ARUS",0.476943034746875,1.46666666666667,3.2
"ARUS268",5,2,3,5,1,1,39,1,4,2,2,2,1,5,1,1,0,0,0,0,0,1,0,0,8,1,1,0,1,0,2,3,0,5,0,0,30.335411,-29.646061,"ARUS",329.477286374169,482.419189247347,0.20649310792836,0.449646200590099,13,0,0,0,0,1,0,0,"ARUS",0.494794006963529,1.57894736842105,3.63157894736842
"ARUS269",7,5,3,7,1,1,42,1,4,2,2,1,2,3,1,0,0,0,0,1,0,1,1,0,8,1,0,1,3,0,2,1,1,3,1,1,30.335596,-29.645895,"ARUS",347.354775149259,500.877547070356,0.224370596703449,0.468104558413108,13,0,0,0,0,1,0,0,"ARUS",0.51909926051979,1.58333333333333,3.33333333333333
"ARUS270",6,6,4,6,1,1,67,1,4,4,1,2,3,4,1,0,0,0,0,1,0,0,0,0,8,1,0,1,1,0,2,1,1,5,0,1,30.335896,-29.645769,"ARUS",376.34529748778,514.888107827356,0.253361119041971,0.482115119170108,14,0,0,0,0,1,0,0,"ARUS",0.544634597482208,1.35294117647059,3.23529411764706
"ARUS271",6,2,0,6,0,1,43,1,4,2,2,1,2,3,1,0,0,0,0,0,0,1,1,0,7,1,1,1,1,0,1,3,1,5,0,1,30.33593,-29.64512,"ARUS",379.630890019392,587.053615219984,0.256646711573583,0.554280626562736,16,0,0,0,0,1,0,0,"ARUS",0.610814658914071,1.78571428571429,3.42857142857143
"ARUS272",5,4,3,5,1,1,75,0,6,8,0.75,2,3,4,1,1,0,1,0,1,0,0,1,0,7,1,0,1,1,0,3,2,0,4,1,1,30.33694,-29.64447,"ARUS",477.232315224558,659.330317538976,0.354248136778749,0.626557328881728,4,0,0,0,0,1,0,0,"ARUS",0.719767899247126,1.66666666666667,3
"ARUS273",0,0,0,0,0,0,46,0,3,1,3,1,2,1,1,1,0,0,0,0,0,1,0,0,8,0,0,1,1,0,2,1,1,5,0,0,30.335058,-29.645714,"ARUS",295.365105089452,521.003828792772,0.172380926643643,0.488230840135524,13,0,0,0,0,1,0,0,"ARUS",0.517768806640532,1.8,3.7
"ARUS274",2,1,1,2,1,1,65,1,6,5,1.2,1,3,4,1,1,0,0,1,0,0,0,0,1,8,1,1,1,1,0,2,1,1,3,0,1,30.3363,-29.64509,"ARUS",415.385867569915,590.389463019195,0.292401689124106,0.557616474361947,11,0,0,0,0,1,0,0,"ARUS",0.629630749155787,1.92307692307692,3.69230769230769
"ARUS276",4,1,2,5,1,1,46,0,7,5,1.4,2,2,1,1,0,0,0,0,1,0,1,1,0,8,0,1,1,1,0,2,1,1,4,0,1,30.332003,-29.654732,"ARUS",0.144952611668575,-481.752019687583,-0.122839225834141,-0.514525008344831,2,0,0,0,0,1,0,0,"ARUS",0.528985311342177,2.66666666666667,3.66666666666667
"ARUT280",6,4,1,6,1,1,21,0,3,5,0.6,2,2,1,1,1,0,0,0,0,0,1,0,1,8,0,0,0,3,0,2,2,1,4,0,0,30.344183,-29.648292,"ARUT",1177.16015954452,234.343307903128,1.05417598109871,0.20157031924588,13,0,0,0,0,0,1,0,"ARUT",1.0732742392913,1.36363636363636,3.68181818181818
"ARUT281",4,4,2,5,1,1,39,1,1,2,0.5,1,1,4,1,0,0,0,1,1,1,1,1,0,8,0,0,0,1,1,2,2,1,4,0,1,30.34715,-29.64782,"ARUT",1463.87642546959,286.827313279585,1.34089224702378,0.254054324622337,1,0,0,0,0,0,1,0,"ARUT",1.36474745575429,2,4.1
"ARUT284",4,3,1,5,1,1,59,1,5,7,0.714285714285714,1,1,5,0,1,0,0,0,0,0,0,0,1,8,1,1,1,3,0,2,2,1,4,0,0,30.344547,-29.648241,"ARUT",1212.33532664802,240.014249162299,1.08935114820221,0.207241260505051,12,0,0,0,0,0,1,0,"ARUT",1.10888902246582,1.33333333333333,3.83333333333333
"ARUT286",7,4,1,7,1,1,53,1,4,4,1,2,2,1,1,1,0,0,0,0,0,0,0,1,8,1,1,1,2,0,2,2,0,4,0,0,30.344492,-29.648397,"ARUT",1207.02039755271,222.667840605694,1.0840362191069,0.189894851948446,12,0,0,0,0,0,1,0,"ARUT",1.10054285656311,1.27777777777778,3.83333333333333
"ARUT289",5,2,0,6,0,1,40,1,6,3,2,2,1,2,1,1,0,0,1,0,0,1,1,0,7,1,1,1,1,0,2,3,1,4,0,0,30.34376,-29.64846,"ARUT",1136.28352304746,215.662560226996,1.01329934460165,0.182889571569748,13,0,0,0,0,0,1,0,"ARUT",1.02967186868395,1.57142857142857,3.71428571428571
"ARUT291",7,5,1,7,1,1,60,1,4,4,1,3,3,4,1,1,0,0,0,1,0,1,0,0,8,1,0,1,1,0,2,1,1,4,0,1,30.34494,-29.64822,"ARUT",1250.31291091137,242.349342621865,1.12732873246556,0.209576353964617,10,0,0,0,0,0,1,0,"ARUT",1.1466439374032,1.375,3.625
"ARUT292",8,5,2,8,1,1,62,1,5,7,0.714285714285714,3,3,4,1,1,0,1,1,0,0,1,1,1,8,1,0,1,1,1,2,2,1,4,0,0,30.343231,-29.649336,"ARUT",1085.16356865766,118.255804486179,0.962179390211852,0.0854828158289311,9,0,0,0,0,0,1,0,"ARUT",0.965969197619931,2.17647058823529,3.64705882352941
"ARUT298",5,4,3,6,1,1,31,1,2,1,2,1,1,3,0,0,0,0,1,1,0,1,1,0,7,1,0,0,3,0,2,1,1,4,0,1,30.33716,-29.644384,"ARUT",498.492031606163,668.893081230362,0.375507853160354,0.636120092573114,4,0,0,0,0,0,1,0,"ARUT",0.738684587601722,1.66666666666667,3
"ARUT300",7,4,4,7,1,1,58,1,12,6,2,1,2,1,1,1,0,1,0,0,0,1,1,0,5,1,0,1,2,0,2,3,0,5,0,0,30.32763,-29.64331,"ARUT",-422.440228005597,788.316432446522,-0.545424406451406,0.755543443789274,19,0,0,0,0,0,1,0,"ARUT",0.931844235162629,2.5,4.13636363636364
"ARUT303",7,4,1,7,1,1,72,0,8,3,2.66666666666667,2,2,4,1,1,0,0,0,0,0,0,1,0,7,1,1,1,1,0,2,1,0,5,1,1,30.343512,-29.648964,"ARUT",1112.31802458126,159.620317198206,0.989333846135447,0.126847328540958,12,0,0,0,0,0,1,0,"ARUT",0.997432556049347,2.05263157894737,3.68421052631579
"ARUT304",9,7,6,9,1,1,32,1,4,4,1,3,2,1,1,1,0,1,1,0,1,0,1,1,8,0,0,0,1,0,2,2,1,4,1,1,30.34715,-29.64782,"ARUT",1463.87642546959,286.827313279585,1.34089224702378,0.254054324622337,1,0,0,0,0,0,1,0,"ARUT",1.36474745575429,1.2,3.5
"ARUT307",6,5,3,6,1,1,58,1,7,6,1.16666666666667,1,2,4,1,1,1,1,0,0,0,0,1,0,8,1,1,1,2,0,1,3,0,5,1,1,30.342835,-29.649637,"ARUT",1046.89607917132,84.7861315665253,0.923911900725511,0.0520131429092774,8,0,0,0,0,0,1,0,"ARUT",0.925374825320815,2.38461538461539,3.84615384615385
"ARUT311",5,1,2,5,1,1,23,1,4,7,0.571428571428571,3,2,1,1,1,1,1,1,0,0,0,0,1,8,0,0,1,1,0,3,1,1,4,1,1,30.343,-29.64834,"ARUT",1062.84086645727,229.005951424233,0.939856688011458,0.196232962766985,11,0,0,0,0,0,1,0,"ARUT",0.960123934539795,1.94444444444444,4
"ARUT314",5,2,0,5,0,1,45,1,5,4,1.25,3,2,3,1,1,0,0,1,0,0,0,0,0,8,1,1,0,3,0,2,2,1,4,1,0,30.344839,-29.64813,"ARUT",1240.55276839075,252.356886019892,1.11756858994494,0.219583897362644,10,0,0,0,0,0,1,0,"ARUT",1.13893662739087,1.5,4
"ARUT315",5,2,1,6,1,1,71,1,5,4,1.25,2,3,4,1,1,0,0,0,0,0,1,0,0,8,1,0,1,3,0,2,1,1,4,0,0,30.345533,-29.648132,"ARUT",1307.61751006649,252.134496166374,1.18463333162068,0.219361507509126,6,0,0,0,0,0,1,0,"ARUT",1.20477201219293,1.85714285714286,4.28571428571429
"ARUT317",5,4,1,5,1,1,50,1,5,5,1,1,2,1,1,1,0,0,0,0,0,1,0,0,8,1,1,1,3,1,3,2,0,4,0,0,30.32834,-29.64488,"ARUT",-353.829325138266,613.740397614458,-0.476813503584075,0.58096740895721,10,0,0,0,0,0,1,0,"ARUT",0.751581164925369,2,4.30769230769231
"ARUT320",5,3,2,5,1,1,54,0,4,2,2,1,3,4,1,0,0,0,1,0,0,1,1,1,7,1,1,1,1,0,1,3,0,4,0,1,30.34164,-29.64901,"ARUT",931.417165190722,154.505350572434,0.808432986744913,0.121732361915186,2,0,0,0,0,0,1,0,"ARUT",0.817546733829174,2.45454545454545,4
"ARUT321",8,4,3,8,1,1,50,1,4,2,1.16666666666667,2,1,4,1,1,0,0,0,0,0,1,1,0,8,1,1,1,3,0,2,3,1,4,0,0,30.341642,-29.649008,"ARUT",931.610435339499,154.727740425952,0.80862625689369,0.121954751768704,2,0,0,0,0,0,1,0,"ARUT",0.817770985555777,2.27272727272727,3.81818181818182
"ARUT323",8,3,4,9,1,1,60,1,10,8,1.25,3,2,0,0,1,1,1,1,0,0,0,0,1,6,1,1,1,1,0,2,1,1,4,1,0,30.343689,-29.649017,"ARUT",1129.42243276089,153.726986085912,1.00643825431509,0.120953997428664,14,0,0,0,0,0,1,0,"ARUT",1.01368033878673,1.73684210526316,3.78947368421053
"ARUT324",7,4,2,7,1,1,40,1,4,3,1.33333333333333,2,2,2,1,1,0,0,1,1,0,1,1,0,8,1,1,1,1,1,2,1,1,5,0,0,30.341297,-29.652771,"ARUT",898.271334650577,-263.698768537839,0.775287156204768,-0.296471757195087,0,0,0,0,0,0,1,0,"ARUT",0.830039563750078,2.45454545454545,3.63636363636364
"ARUT325",7,5,0,7,0,1,50,1,4,5,1.16666666666667,2,2,1,1,1,0,0,1,1,0,1,0,1,8,1,0,1,1,0,3,1,1,4,0,0,30.3368056,-29.650389,"ARUT",464.244561217337,1.1675467295854,0.341260382771528,-0.0316054419276625,8,0,0,0,0,0,1,0,"ARUT",0.342720808835432,1.26666666666667,3.46666666666667
"ARUT327",8,5,2,8,1,1,57,1,4,6,0.666666666666667,3,2,4,1,0,0,0,0,1,0,1,0,1,8,1,1,1,1,0,2,1,0,4,0,0,30.34461,-29.648094,"ARUT",1218.42333633913,256.359903378865,1.09543915789332,0.223586914721617,11,0,0,0,0,0,1,0,"ARUT",1.11802417553502,1.25,3.625
"ARUT328",5,5,2,5,1,1,59,1,1,5,0.2,1,2,2,1,1,0,0,0,0,0,1,1,0,7,0,1,0,1,0,1,3,0,3,1,1,30.343864,-29.648586,"ARUT",1146.33357079141,201.651999469601,1.0233493923456,0.168879010812353,13,0,0,0,0,0,1,0,"ARUT",1.03719048352126,1.38095238095238,3.42857142857143
"ARUT331",5,4,0,5,0,1,62,1,2,5,0.4,1,3,4,1,1,0,0,1,0,0,1,1,0,8,1,1,1,2,1,2,2,1,4,0,0,30.343691,-29.649017,"ARUT",1129.61570290967,153.726986085912,1.00663152446386,0.120953997428664,14,0,0,0,0,0,1,0,"ARUT",1.01387222840869,2.05,3.7
"ARUT333",8,5,4,8,1,1,54,1,5,3,1.66666666666667,3,1,3,0,0,0,0,1,0,0,1,0,0,8,1,1,0,2,0,2,1,1,5,0,1,30.343174,-29.649464,"ARUT",1079.65536941357,104.022853876056,0.956671190967759,0.0712498652188084,8,0,0,0,0,0,1,0,"ARUT",0.959320754972689,1.94117647058824,3.64705882352941
"ARUU340",6,2,2,6,1,1,40,0,3,4,0.75,3,1,3,0,1,0,0,1,1,0,0,0,0,7,1,1,1,2,0,2,1,1,3,0,0,30.3356389,-29.6515,"ARUU",351.500419843667,-122.370016772306,0.228516241397857,-0.155143005429554,9,0,0,0,0,0,0,1,"ARUU",0.276204679026838,1.3,3.5
"ARUU342",6,3,0,7,0,1,49,1,11,6,1.83333333333333,3,1,3,0,1,0,0,0,0,1,0,1,1,7,1,1,1,2,1,3,2,0,4,0,1,30.337961,-29.650797,"ARUU",575.896726249198,-44.1999833414152,0.452912547803389,-0.0769729719986632,3,0,0,0,0,0,0,1,"ARUU",0.459406807063265,1.16666666666667,3.58333333333333
"ARUU345",2,1,0,3,0,1,44,1,7,4,1.75,2,1,9,0,1,0,0,1,0,0,1,1,0,8,1,1,1,2,1,2,2,1,4,0,1,30.3353,-29.65311,"ARUU",318.750793108978,-301.393848670379,0.195766614663169,-0.334166837327627,4,0,0,0,0,0,0,1,"ARUU",0.387288061507486,1.70588235294118,3.64705882352941
"ARUU350",6,4,2,6,1,1,62,1,2,5,0.4,3,3,4,1,1,0,0,0,1,0,0,1,0,8,1,1,0,2,0,2,1,1,5,0,0,30.33538,-29.65023,"ARUU",326.481599065894,18.8475400660725,0.203497420620085,-0.0139254485911754,9,0,0,0,0,0,0,1,"ARUU",0.203973327465856,1.05882352941176,3.29411764705882
"ARUU351",7,4,0,7,0,1,57,0,3,4,0.75,3,2,0,0,1,0,0,1,0,0,0,1,0,8,0,1,1,1,0,2,2,1,4,0,1,30.33557,-29.65182,"ARUU",344.842263213441,-157.952393298798,0.221858084767632,-0.190725381956046,7,0,0,0,0,0,0,1,"ARUU",0.292569959324332,1.4375,3.1875
"ARUU353",5,4,1,5,1,1,56,0,6,7,0.857142857142857,3,2,1,1,0,0,1,0,0,0,0,0,0,8,1,1,1,1,0,2,1,1,5,0,1,30.336,-29.65034,"ARUU",386.395345231394,6.61609813523904,0.263411166785584,-0.0261568905220089,8,0,0,0,0,0,0,1,"ARUU",0.264706678625839,1.22222222222222,3.33333333333333
"ARUU363",5,2,1,5,1,1,52,1,8,6,1.33333333333333,1,2,2,1,1,0,1,0,0,0,1,1,0,7,1,1,1,3,0,2,1,1,5,0,0,30.3367778,-29.650639,"ARUU",461.558106147174,-26.631184931687,0.338573927701364,-0.059404173588935,9,0,0,0,0,0,0,1,"ARUU",0.343745778677954,1.125,3.875
"ARUU364",7,4,0,7,0,1,47,1,2,4,0.5,1,2,2,1,1,0,0,1,1,0,1,1,0,8,1,1,0,3,0,2,1,1,5,0,1,30.3360833,-29.649667,"ARUU",394.445046933981,81.4502837669198,0.271460868488171,0.0486772951096719,6,0,0,0,0,0,0,1,"ARUU",0.275790649188014,1.4,3.53333333333333
"ARUU370",7,5,2,7,1,1,33,1,8,4,2,2,2,3,1,1,1,0,1,0,0,1,1,0,8,1,1,1,3,1,2,2,1,4,1,0,30.3354444,-29.652444,"ARUU",332.704897861114,-227.338027524826,0.209720719415304,-0.260111016182073,7,0,0,0,0,0,0,1,"ARUU",0.334126504323353,1.3125,3
"ARUU380",5,3,2,5,1,1,67,1,4,6,0.666666666666667,1,3,4,1,1,0,0,1,1,0,1,1,0,7,1,1,1,1,1,2,2,1,4,1,1,30.3353611,-29.651694,"ARUU",324.655196158527,-143.941832541403,0.201671017712717,-0.176714821198651,6,0,0,0,0,0,0,1,"ARUU",0.268140499396407,1.1875,3.3125
"ARUU382",8,4,1,8,1,1,34,1,4,4,1,1,1,4,1,1,0,0,1,0,0,0,0,0,5,0,0,1,1,1,2,2,1,4,0,0,30.3368056,-29.650389,"ARUU",464.244561217337,1.1675467295854,0.341260382771528,-0.0316054419276625,8,0,0,0,0,0,0,1,"ARUU",0.342720808835432,0.928571428571428,3.64285714285714
"ARUU385",6,4,1,6,1,1,33,1,9,6,1.5,3,2,3,1,1,0,0,0,1,0,1,1,0,8,1,1,0,1,0,2,2,1,5,0,1,30.335897,-29.651197,"ARUU",376.441932561997,-88.6779539991351,0.253457754116188,-0.121450942656383,11,0,0,0,0,0,0,1,"ARUU",0.281053668529244,1.29166666666667,3.25
"ARUU386",5,4,3,6,1,1,78,1,4,6,0.666666666666667,3,3,4,1,1,1,1,1,0,0,0,0,1,7,0,1,0,2,1,2,2,1,3,0,0,30.3358056,-29.653444,"ARUU",367.6094867564,-338.53295416952,0.24462530831059,-0.371305942826768,3,0,0,0,0,0,0,1,"ARUU",0.444645526958865,1.4,3.26666666666667
"ARUU387",2,1,0,3,0,1,60,1,11,8,1.375,3,2,1,1,1,0,0,1,0,0,0,0,0,8,1,0,1,2,0,2,1,1,5,0,1,30.334753,-29.651186,"ARUU",265.891407378817,-87.4548098059727,0.142907228933007,-0.120227798463221,6,0,0,0,0,0,0,1,"ARUU",0.186754383093473,1.94444444444444,3.55555555555556
"ARUU393",6,2,4,8,1,1,49,1,3,4,0.75,1,2,4,1,1,0,0,1,0,0,1,1,0,8,1,1,1,3,1,2,2,1,4,0,1,30.33092,-29.65556,"ARUU",-104.510833029522,-573.821418949506,-0.227495011475331,-0.606594407606754,20,0,0,0,0,0,0,1,"ARUU",0.647850874496554,2.15384615384615,3
