"Study_code","EC_pos_n","KP_pos_n","ESBL_pos_n","Months_tested","ESBL_ever","KP_ever","Age","Sex","HHsize","Rooms","Crowding","Education","WorkStatus","IncomeBand","Grant","FormalDwelling","PipedInside","FlushToilet","ToiletShared","ToiletFloods","OpenDefecation","StandingWater","Flooding","RefuseCollected","HandwashScore","CareMonthly","HIVinHH","ChronicAny","DiarrSeverity","AbxNoRx","AbxSource","AbxCourse","StreetFood","MeatFreq","AnimalsKept","ManureUse"
"ARUE002",6,1,1,7,1,1,48,1,7,7,1,2,2,2,1,1,1,1,0,0,0,1,1,1,8,1,1,1,3,0,2,1,1,4,0,1
"ARUE004",7,5,5,8,1,1,49,1,6,3,2,1,3,4,1,0,0,0,0,1,0,1,1,1,8,1,0,0,3,0,2,1,1,4,1,1
"ARUE007",8,7,2,8,1,1,48,0,3,7,0.428571428571429,2,1,6,0,1,0,0,1,0,0,1,1,0,8,1,1,1,2,0,3,1,1,4,0,1
"ARUE009",8,0,0,9,0,0,53,0,6,4,1.5,2,1,5,0,0,0,1,0,0,0,1,1,1,7,0,1,0,1,0,2,1,0,4,1,1
"ARUE011",7,5,1,7,1,1,57,0,4,7,0.571428571428571,3,1,5,1,1,1,1,0,0,0,1,1,1,7,0,1,0,2,0,2,1,1,3,0,1
"ARUE013",8,3,0,9,0,1,43,0,6,4,1.5,2,1,5,0,1,0,1,1,1,0,1,1,0,8,0,0,0,2,1,2,1,1,4,0,1
"ARUE015",6,5,3,8,1,1,39,1,6,5,1.2,1,2,3,1,0,0,0,0,1,0,1,1,0,3,1,1,1,3,0,2,1,1,5,0,1
"ARUE016",7,4,3,8,1,1,30,1,11,8,1.375,2,2,2,1,1,0,0,0,1,0,1,1,0,7,1,1,0,1,0,2,2,1,4,0,1
"ARUE017",7,3,1,8,1,1,33,0,5,4,1.25,3,1,4,0,1,0,0,1,0,0,1,0,0,7,0,0,0,2,0,1,3,1,4,0,1
"ARUE018",7,4,0,9,0,1,50,1,8,4,2,2,2,0,0,0,0,0,0,1,0,1,1,0,7,1,1,1,1,0,1,3,1,5,1,1
"ARUE019",8,5,2,9,1,1,32,1,10,7,1.42857142857143,3,2,3,1,1,0,0,0,1,0,1,1,0,4,1,0,1,1,0,3,1,1,5,0,1
"ARUE022",0,0,0,0,0,0,48,0,5,4,1.25,1,1,4,1,0,0,0,0,1,1,0,1,0,8,1,1,0,1,0,1,3,1,5,0,1
"ARUE023",5,5,1,6,1,1,31,0,6,6,1,2,2,1,1,0,0,0,0,1,0,1,1,0,8,0,0,0,1,0,2,1,0,4,0,1
"ARUE025",8,7,3,9,1,1,52,1,9,5,1.8,2,2,1,1,0,0,0,1,1,1,1,1,0,8,1,0,1,3,0,2,1,1,4,0,0
"ARUE026",7,3,2,8,1,1,43,1,5,2,2.5,2,2,4,1,1,0,0,1,1,0,1,1,0,4,1,0,1,3,0,2,1,1,5,0,1
"ARUE030",3,2,3,5,1,1,67,0,1,5,0.2,1,3,4,1,1,0,1,0,0,0,0,0,0,7,0,0,0,2,0,2,1,1,4,1,0
"ARUE033",7,6,4,8,1,1,41,0,7,6,1.16666666666667,3,2,4,1,0,0,0,1,0,1,1,1,0,8,1,1,1,2,1,2,2,1,4,0,1
"ARUE034",6,6,4,7,1,1,26,1,8,5,1.6,2,2,3,1,1,1,0,1,0,0,0,1,0,8,1,1,1,1,1,2,2,1,4,0,1
"ARUE035",6,5,2,7,1,1,51,0,5,8,0.625,3,3,4,1,1,0,0,1,1,0,1,1,0,7,1,1,1,1,0,2,1,1,4,0,1
"ARUE036",8,3,4,9,1,1,63,0,5,4,1.25,3,3,4,1,1,0,0,1,0,0,1,0,1,7,1,0,1,1,0,2,1,1,4,1,1
"ARUE038",7,5,4,8,1,1,54,0,7,7,1,3,1,6,1,1,1,1,0,0,0,1,1,0,7,0,1,0,2,1,2,2,1,4,1,0
"ARUE040",6,6,6,8,1,1,55,1,4,4,1,2,3,5,1,1,1,1,0,0,0,0,1,0,8,1,1,1,2,1,3,1,1,5,0,1
"ARUE042",6,3,3,7,1,1,53,1,4,5,0.8,2,2,0,0,0,0,0,0,0,1,1,1,0,8,1,1,0,1,1,2,2,1,3,0,1
"ARUE047",7,4,0,7,0,1,47,1,3,1,3,2,1,1,0,0,0,0,0,1,0,0,1,0,7,1,0,1,3,1,2,1,1,5,0,1
"ARUE054",7,4,4,8,1,1,48,0,4,1,4,2,1,5,0,0,0,0,0,1,0,1,1,0,8,1,1,1,1,0,3,1,1,5,0,0
"ARUE057",5,3,3,6,1,1,43,0,3,3,1,2,1,1,1,0,0,0,1,1,0,1,1,1,8,0,1,1,3,1,2,2,1,4,1,1
"ARUE059",7,6,2,9,1,1,46,0,6,3,2,1,1,4,0,0,0,0,0,1,0,1,1,1,8,1,0,0,3,0,2,1,1,4,1,1
"ARUE060",2,2,1,2,1,1,41,0,3,6,0.5,3,1,4,0,0,0,0,1,1,0,1,1,0,7,0,1,0,3,0,2,1,1,3,0,1
"ARUE064",7,7,4,8,1,1,40,0,3,2,1.5,1,3,4,1,0,0,0,1,0,1,1,1,0,8,1,1,0,2,0,1,3,1,4,0,1
"ARUE065",8,7,4,9,1,1,38,1,4,6,0.666666666666667,3,1,4,1,0,0,0,1,1,0,0,1,0,8,1,1,1,2,0,2,3,1,4,0,1
"ARUE071",8,5,4,9,1,1,37,1,3,4,0.75,1,2,2,1,1,0,0,0,0,0,1,1,0,8,0,1,0,2,0,2,1,1,5,0,1
"ARUE074",4,1,0,4,0,1,59,0,1,7,0.142857142857143,2,2,1,1,0,0,0,0,0,0,0,1,0,7,0,0,1,1,0,2,3,1,4,0,1
"ARUE075",6,2,2,7,1,1,40,1,1,1,1,1,2,3,1,1,0,0,0,0,0,0,1,1,7,1,0,1,1,0,2,3,1,5,0,1
"ARUE076",6,4,2,7,1,1,72,1,8,7,1.14285714285714,1,3,4,1,1,0,0,1,1,0,1,1,0,7,0,1,1,2,0,2,1,1,4,0,1
"ARUE077",5,4,3,6,1,1,39,1,5,5,1,3,2,3,1,0,0,0,1,0,0,1,1,0,8,1,1,1,3,1,2,2,1,4,1,1
"ARUE078",5,2,1,5,1,1,39,1,5,2,2.5,2,1,4,1,1,1,1,1,0,0,1,1,1,8,1,0,1,2,1,2,2,1,4,0,1
"ARUE083",7,3,1,7,1,1,32,1,10,7,1.42857142857143,3,2,3,1,0,0,0,0,0,0,0,0,0,8,1,1,1,2,0,2,1,0,4,1,1
"ARUE086",6,3,2,7,1,1,68,1,4,4,1,3,3,5,1,0,0,0,0,1,0,1,1,0,8,0,0,1,3,0,2,1,0,4,0,1
"ARUE089",4,0,0,5,0,0,57,1,5,5,1,2,2,1,1,0,0,0,1,0,0,0,1,0,8,1,1,0,1,0,2,1,1,4,1,1
"ARUE090",7,4,3,8,1,1,57,1,3,6,0.5,2,1,1,1,1,1,1,0,0,0,1,1,1,8,1,1,1,3,0,2,2,1,4,0,1
"ARUE091",2,2,2,3,1,1,52,1,4,7,0.571428571428571,2,2,1,1,1,1,1,1,1,0,1,1,1,8,1,1,1,1,0,2,3,1,4,0,1
"ARUE092",8,5,3,9,1,1,63,0,5,6,0.833333333333333,1,3,4,1,1,1,1,1,0,0,0,1,0,8,1,1,1,1,0,2,1,1,4,1,1
"ARUE097",7,4,1,7,1,1,23,1,2,1,2,1,2,1,1,1,0,0,1,1,1,1,1,0,8,1,0,0,1,1,2,2,1,4,1,1
"ARUE099",7,4,2,8,1,1,56,1,6,6,1,1,2,2,0,1,1,1,0,0,0,1,1,0,8,1,1,1,3,0,1,3,1,3,1,1
"ARUE100",5,3,0,6,0,1,69,1,4,2,2,1,2,4,1,0,0,0,1,1,0,1,1,0,8,1,1,1,1,0,3,1,1,4,1,1
"ARUE101",4,2,2,5,1,1,63,1,4,1,4,1,3,4,1,1,0,0,1,1,0,0,0,1,8,1,1,1,1,0,2,3,0,4,0,1
"ARUF102",2,0,1,2,1,0,49,1,2,4,0.5,3,2,1,1,1,0,0,1,0,0,0,1,1,8,1,0,1,3,1,2,2,1,4,0,1
"ARUF104",8,5,4,9,1,1,25,1,6,4,1.5,3,2,5,1,1,0,0,1,1,0,1,1,0,6,1,1,1,2,0,2,1,1,4,0,1
"ARUF106",5,3,3,6,1,1,59,1,4,4,1,1,2,4,1,1,0,1,0,1,0,1,1,0,6,1,1,1,3,0,2,1,1,1,0,1
"ARUO111",6,3,2,6,1,1,38,1,4,1,4,1,2,3,1,1,0,0,1,0,1,0,1,1,8,1,1,1,3,0,2,1,1,4,0,1
"ARUO117",8,2,8,9,1,1,54,1,1,1,1,3,1,1,0,1,0,0,0,0,0,0,0,0,8,1,0,0,1,0,2,1,0,5,0,0
"ARUO118",5,3,2,6,1,1,68,1,6,4,1.5,1,3,4,1,1,0,0,0,1,1,1,1,1,8,0,0,1,3,0,2,1,1,5,1,1
"ARUO124",8,4,4,9,1,1,55,1,2,1,2,3,1,5,1,1,0,0,1,0,0,1,0,0,8,1,0,1,1,0,2,1,1,5,0,0
"ARUO125",8,5,3,9,1,1,33,0,1,1,1,3,1,4,0,1,0,1,1,0,0,0,1,1,8,0,0,0,2,0,1,3,1,4,0,1
"ARUO126",5,4,1,6,1,1,46,1,4,1,1.16666666666667,3,1,8,1,1,0,0,1,0,1,1,0,1,8,1,0,0,1,1,2,2,1,4,0,1
"ARUO127",7,4,1,9,1,1,43,1,8,7,1.14285714285714,1,2,2,1,1,0,0,0,0,0,1,1,1,8,0,0,0,1,0,2,1,0,1,0,1
"ARUO129",5,4,2,5,1,1,39,1,7,6,1.16666666666667,3,1,3,0,1,0,0,1,0,0,1,1,1,8,1,1,1,2,0,2,1,1,4,0,1
"ARUO130",5,4,0,5,0,1,41,1,9,4,2.25,3,2,3,1,1,0,0,1,1,0,1,1,0,8,1,1,1,1,1,2,2,1,4,0,1
"ARUO131",4,2,0,5,0,1,74,1,8,6,1.33333333333333,3,3,4,1,1,0,0,1,0,0,1,1,0,7,1,1,1,3,0,1,3,0,5,1,1
"ARUO132",8,5,4,9,1,1,71,1,5,6,0.833333333333333,3,3,4,1,1,0,0,1,1,0,0,1,1,8,1,0,1,3,0,2,1,1,4,0,1
"ARUO133",5,3,3,6,1,1,70,1,10,6,1.66666666666667,2,2,4,1,1,1,0,1,0,0,1,1,0,8,1,1,1,3,1,2,2,1,4,1,1
"ARUO139",0,0,0,0,0,0,51,0,1,1,1,1,2,1,1,1,0,0,1,0,0,1,1,0,8,1,0,1,1,1,2,2,1,4,0,1
"ARUO140",7,5,3,8,1,1,43,0,3,3,1,3,2,1,1,1,0,0,1,1,0,1,1,0,8,0,0,0,2,0,2,1,1,4,1,1
"ARUO141",0,0,0,0,0,0,66,1,6,5,1.2,2,3,4,1,1,0,0,1,1,0,1,1,0,8,1,0,1,1,1,2,2,1,3,1,1
"ARUO145",7,6,4,8,1,1,59,1,2,4,0.5,3,2,0,0,1,1,1,0,0,0,1,1,1,7,1,0,1,3,0,2,2,1,5,0,1
"ARUO146",7,5,4,8,1,1,45,1,6,4,1.5,3,1,7,0,0,1,0,1,0,0,1,1,1,5,0,0,0,1,1,2,2,1,4,1,1
"ARUO147",6,6,1,8,1,1,66,1,8,6,1.33333333333333,1,3,4,1,1,0,0,0,0,0,1,1,1,7,1,0,1,3,0,2,1,0,3,0,1
"ARUO148",7,6,3,8,1,1,28,0,1,1,1,3,1,4,0,1,0,0,1,1,0,1,1,1,8,0,0,0,1,0,2,3,1,4,0,1
"ARUO150",4,3,0,6,0,1,48,1,3,8,0.375,3,1,5,0,1,0,0,1,0,0,0,0,1,8,1,0,0,2,1,2,1,0,5,1,1
"ARUO153",4,3,1,5,1,1,65,1,2,6,0.333333333333333,3,3,4,1,1,0,1,1,0,0,1,1,1,8,1,0,1,1,1,2,1,1,4,0,1
"ARUO156",6,6,2,7,1,1,72,1,3,5,0.6,3,3,4,1,1,0,0,0,0,0,1,1,1,8,1,1,1,3,0,2,1,0,4,0,1
"ARUO159",6,4,3,7,1,1,28,1,2,2,1,1,3,4,1,0,0,0,1,1,0,1,1,0,7,1,0,1,3,0,2,1,1,5,1,1
"ARUO160",5,4,0,7,0,1,27,1,6,8,0.75,2,1,5,0,1,0,0,0,0,0,0,1,1,7,0,0,1,2,0,2,1,1,5,1,1
"ARUO165",7,4,3,7,1,1,38,1,4,1,1.16666666666667,2,1,4,1,1,0,0,1,0,0,0,1,0,8,1,1,0,1,0,2,2,1,4,0,1
"ARUO166",7,3,4,8,1,1,43,1,10,3,3.33333333333333,3,1,6,0,1,0,0,1,0,0,1,1,1,7,1,1,1,3,1,2,1,1,4,1,0
"ARUO167",5,2,0,7,0,1,65,1,7,3,2.33333333333333,2,3,4,1,1,0,0,1,0,0,0,0,1,8,0,1,1,3,0,2,2,0,4,0,1
"ARUO169",5,2,1,6,1,1,81,1,1,4,0.25,1,3,4,1,1,0,1,1,0,0,1,1,1,8,1,0,1,1,0,1,3,0,4,0,1
"ARUO173",5,3,3,5,1,1,70,1,6,8,0.75,1,3,4,1,1,0,1,1,0,1,0,1,1,8,1,1,1,2,1,2,2,1,4,0,1
"ARUO176",5,4,4,5,1,1,52,0,1,1,1,3,1,4,0,1,0,1,1,1,0,1,0,1,8,1,0,1,1,0,2,1,0,4,0,0
"ARUO178",4,1,0,6,0,1,65,1,6,3,2,3,3,4,1,1,0,0,1,0,0,0,0,1,8,1,0,1,1,0,2,1,0,4,0,0
"ARUO182",8,4,6,9,1,1,40,1,3,1,3,3,2,3,1,1,1,0,1,0,0,0,0,1,7,1,1,1,1,0,2,1,1,5,0,0
"ARUO191",7,4,4,8,1,1,30,0,3,3,1,2,1,4,0,0,0,0,1,1,0,1,1,0,8,1,1,1,1,0,2,3,1,4,0,1
"ARUO192",4,3,1,5,1,1,60,0,5,3,1.66666666666667,2,1,4,1,0,0,0,1,1,0,1,1,0,8,1,1,1,1,1,2,2,1,4,1,1
"ARUL194",8,5,1,8,1,1,81,0,6,6,1,3,3,4,1,1,0,0,1,0,0,0,0,1,8,1,0,1,2,0,2,1,1,4,1,0
"ARUL196",6,3,0,7,0,1,35,1,3,5,0.6,2,2,1,1,1,0,0,0,0,0,1,1,0,8,1,1,1,1,0,2,1,1,4,0,0
"ARUL198",6,3,1,6,1,1,59,0,7,5,1.4,3,3,4,1,1,0,1,1,1,0,1,0,1,8,1,0,0,3,0,2,1,0,4,0,1
"ARUL200",7,4,3,7,1,1,60,1,1,1,1,1,3,4,1,1,0,0,0,1,0,1,1,0,8,1,1,1,2,0,2,1,0,3,0,1
"ARUL201",6,5,2,6,1,1,31,1,2,1,2,1,2,3,1,0,0,0,1,1,0,1,0,1,6,1,1,0,1,0,2,1,0,4,0,0
"ARUL203",8,4,3,8,1,1,31,1,5,2,2.5,1,1,5,1,1,0,0,1,1,1,1,1,0,7,1,1,1,3,1,2,1,1,5,0,1
"ARUL205",2,2,1,2,1,1,49,0,4,3,1.33333333333333,3,2,0,0,1,0,1,1,0,0,0,0,1,7,0,0,0,2,1,2,2,1,4,0,0
"ARUL210",8,4,7,8,1,1,46,1,6,2,3,2,1,3,1,1,0,0,1,0,0,1,1,1,8,0,0,1,3,0,2,1,1,3,0,1
"ARUL213",7,6,5,7,1,1,58,1,8,4,2,1,2,4,1,1,0,1,1,0,0,1,1,1,8,1,1,1,3,1,2,2,1,4,1,1
"ARUL214",6,4,3,6,1,1,53,1,2,1,2,2,1,5,0,1,0,0,1,1,1,1,1,1,7,0,1,0,2,0,2,1,1,2,1,1
"ARUL218",6,1,0,6,0,1,49,1,8,6,1.33333333333333,2,2,3,1,1,1,1,1,0,0,0,1,1,8,1,0,1,3,0,2,1,1,4,1,1
"ARUL220",8,5,2,8,1,1,38,1,2,1,2,1,2,3,1,1,0,0,1,0,0,0,1,0,8,1,0,0,1,0,2,1,1,4,0,1
"ARUL222",6,3,1,6,1,1,37,1,4,3,1.33333333333333,1,1,5,1,1,1,1,0,0,0,1,1,1,7,0,0,0,1,0,2,3,1,4,0,0
"ARUL224",7,3,2,7,1,1,55,1,8,3,2.66666666666667,1,2,3,1,1,0,0,0,0,0,0,0,0,8,1,1,1,1,0,2,1,1,4,0,0
"ARUL228",6,4,3,6,1,1,47,1,3,2,1.5,1,2,2,1,1,0,0,0,0,0,0,0,1,8,1,1,1,1,0,2,1,0,4,0,1
"ARUL229",7,5,1,8,1,1,67,1,2,4,0.5,1,3,4,1,0,0,0,1,0,0,1,0,1,5,1,0,1,3,0,2,1,0,4,0,1
"ARUL231",7,5,2,7,1,1,40,1,4,4,1.16666666666667,2,1,5,1,1,0,1,1,0,0,1,1,1,7,1,1,1,3,0,2,1,1,4,1,1
"ARUL232",7,6,4,8,1,1,32,1,4,4,1.16666666666667,2,2,0,0,1,1,1,1,0,0,1,1,1,8,1,1,1,3,1,3,1,1,4,1,1
"ARUL233",5,4,3,5,1,1,35,1,4,3,1.33333333333333,1,1,4,1,0,1,0,0,1,0,1,1,1,8,0,1,0,3,0,2,1,0,4,0,1
"ARUL235",4,3,0,4,0,1,37,1,3,5,0.6,3,1,5,1,1,0,1,0,0,0,1,0,1,8,1,1,0,1,0,2,1,1,4,0,1
"ARUL238",4,4,3,4,1,1,76,1,3,5,0.6,2,3,4,1,1,0,0,0,0,0,0,0,1,8,1,0,1,2,0,2,1,0,4,0,0
"ARUL241",6,5,0,6,0,1,50,1,6,5,1.2,3,2,1,1,1,1,1,0,0,0,0,0,1,8,1,1,1,2,0,2,1,0,4,0,0
"ARUL242",4,4,1,5,1,1,52,1,5,5,1,1,2,2,1,1,0,0,0,0,0,1,0,0,8,1,1,1,1,0,2,2,1,4,0,0
"ARUL244",5,3,2,5,1,1,88,1,1,2,0.5,1,3,4,1,0,0,0,1,1,0,1,1,1,6,0,0,1,1,0,2,3,1,4,0,0
"ARUS250",1,0,0,1,0,0,62,1,1,1,1,1,2,4,1,0,0,1,1,1,0,1,1,0,8,1,0,1,1,0,1,3,0,4,0,1
"ARUS254",6,4,2,6,1,1,54,1,9,5,1.8,2,1,3,1,0,0,0,0,1,0,0,1,0,8,1,1,0,3,0,1,3,1,2,0,1
"ARUS255",7,5,1,7,1,1,71,1,4,4,1,2,3,4,1,0,0,0,0,0,0,1,1,0,3,1,0,1,1,0,2,1,1,5,1,0
"ARUS256",6,3,2,6,1,1,31,1,11,8,1.375,3,2,0,0,1,1,1,0,0,0,0,0,0,8,0,0,0,3,0,2,1,1,5,0,1
"ARUS259",6,4,0,6,0,1,46,0,5,4,1.25,1,1,2,0,1,0,0,0,1,0,0,0,0,8,1,1,0,1,0,2,1,1,3,1,1
"ARUS260",5,4,2,6,1,1,28,1,1,1,1,3,2,3,1,1,0,1,1,0,0,0,0,0,8,0,0,0,1,0,2,1,0,4,0,0
"ARUS263",6,4,1,8,1,1,40,1,3,5,0.6,3,1,6,0,1,0,0,1,0,0,0,0,0,8,0,0,1,1,0,2,1,1,4,0,0
"ARUS264",8,5,1,8,1,1,73,0,5,2,2.5,1,3,4,1,0,0,0,0,0,0,1,0,0,8,1,1,1,3,1,2,1,1,4,0,0
"ARUS267",5,2,3,6,1,1,36,1,13,8,1.625,3,1,1,0,1,1,1,0,0,0,1,0,0,8,0,0,1,3,1,2,1,1,5,0,1
"ARUS268",5,2,3,5,1,1,39,1,4,2,2,2,1,5,1,1,0,0,0,0,0,1,0,0,8,1,1,0,1,0,2,3,0,5,0,0
"ARUS269",7,5,3,7,1,1,42,1,4,2,2,1,2,3,1,0,0,0,0,1,0,1,1,0,8,1,0,1,3,0,2,1,1,3,1,1
"ARUS270",6,6,4,6,1,1,67,1,4,4,1,2,3,4,1,0,0,0,0,1,0,0,0,0,8,1,0,1,1,0,2,1,1,5,0,1
"ARUS271",6,2,0,6,0,1,43,1,4,2,2,1,2,3,1,0,0,0,0,0,0,1,1,0,7,1,1,1,1,0,1,3,1,5,0,1
"ARUS272",5,4,3,5,1,1,75,0,6,8,0.75,2,3,4,1,1,0,1,0,1,0,0,1,0,7,1,0,1,1,0,3,2,0,4,1,1
"ARUS273",0,0,0,0,0,0,46,0,3,1,3,1,2,1,1,1,0,0,0,0,0,1,0,0,8,0,0,1,1,0,2,1,1,5,0,0
"ARUS274",2,1,1,2,1,1,65,1,6,5,1.2,1,3,4,1,1,0,0,1,0,0,0,0,1,8,1,1,1,1,0,2,1,1,3,0,1
"ARUS276",4,1,2,5,1,1,46,0,7,5,1.4,2,2,1,1,0,0,0,0,1,0,1,1,0,8,0,1,1,1,0,2,1,1,4,0,1
"ARUT280",6,4,1,6,1,1,21,0,3,5,0.6,2,2,1,1,1,0,0,0,0,0,1,0,1,8,0,0,0,3,0,2,2,1,4,0,0
"ARUT281",4,4,2,5,1,1,39,1,1,2,0.5,1,1,4,1,0,0,0,1,1,1,1,1,0,8,0,0,0,1,1,2,2,1,4,0,1
"ARUT284",4,3,1,5,1,1,59,1,5,7,0.714285714285714,1,1,5,0,1,0,0,0,0,0,0,0,1,8,1,1,1,3,0,2,2,1,4,0,0
"ARUT286",7,4,1,7,1,1,53,1,4,4,1,2,2,1,1,1,0,0,0,0,0,0,0,1,8,1,1,1,2,0,2,2,0,4,0,0
"ARUT289",5,2,0,6,0,1,40,1,6,3,2,2,1,2,1,1,0,0,1,0,0,1,1,0,7,1,1,1,1,0,2,3,1,4,0,0
"ARUT291",7,5,1,7,1,1,60,1,4,4,1,3,3,4,1,1,0,0,0,1,0,1,0,0,8,1,0,1,1,0,2,1,1,4,0,1
"ARUT292",8,5,2,8,1,1,62,1,5,7,0.714285714285714,3,3,4,1,1,0,1,1,0,0,1,1,1,8,1,0,1,1,1,2,2,1,4,0,0
"ARUT298",5,4,3,6,1,1,31,1,2,1,2,1,1,3,0,0,0,0,1,1,0,1,1,0,7,1,0,0,3,0,2,1,1,4,0,1
"ARUT300",7,4,4,7,1,1,58,1,12,6,2,1,2,1,1,1,0,1,0,0,0,1,1,0,5,1,0,1,2,0,2,3,0,5,0,0
"ARUT303",7,4,1,7,1,1,72,0,8,3,2.66666666666667,2,2,4,1,1,0,0,0,0,0,0,1,0,7,1,1,1,1,0,2,1,0,5,1,1
"ARUT304",9,7,6,9,1,1,32,1,4,4,1,3,2,1,1,1,0,1,1,0,1,0,1,1,8,0,0,0,1,0,2,2,1,4,1,1
"ARUT307",6,5,3,6,1,1,58,1,7,6,1.16666666666667,1,2,4,1,1,1,1,0,0,0,0,1,0,8,1,1,1,2,0,1,3,0,5,1,1
"ARUT311",5,1,2,5,1,1,23,1,4,7,0.571428571428571,3,2,1,1,1,1,1,1,0,0,0,0,1,8,0,0,1,1,0,3,1,1,4,1,1
"ARUT314",5,2,0,5,0,1,45,1,5,4,1.25,3,2,3,1,1,0,0,1,0,0,0,0,0,8,1,1,0,3,0,2,2,1,4,1,0
"ARUT315",5,2,1,6,1,1,71,1,5,4,1.25,2,3,4,1,1,0,0,0,0,0,1,0,0,8,1,0,1,3,0,2,1,1,4,0,0
"ARUT317",5,4,1,5,1,1,50,1,5,5,1,1,2,1,1,1,0,0,0,0,0,1,0,0,8,1,1,1,3,1,3,2,0,4,0,0
"ARUT320",5,3,2,5,1,1,54,0,4,2,2,1,3,4,1,0,0,0,1,0,0,1,1,1,7,1,1,1,1,0,1,3,0,4,0,1
"ARUT321",8,4,3,8,1,1,50,1,4,2,1.16666666666667,2,1,4,1,1,0,0,0,0,0,1,1,0,8,1,1,1,3,0,2,3,1,4,0,0
"ARUT323",8,3,4,9,1,1,60,1,10,8,1.25,3,2,0,0,1,1,1,1,0,0,0,0,1,6,1,1,1,1,0,2,1,1,4,1,0
"ARUT324",7,4,2,7,1,1,40,1,4,3,1.33333333333333,2,2,2,1,1,0,0,1,1,0,1,1,0,8,1,1,1,1,1,2,1,1,5,0,0
"ARUT325",7,5,0,7,0,1,50,1,4,5,1.16666666666667,2,2,1,1,1,0,0,1,1,0,1,0,1,8,1,0,1,1,0,3,1,1,4,0,0
"ARUT327",8,5,2,8,1,1,57,1,4,6,0.666666666666667,3,2,4,1,0,0,0,0,1,0,1,0,1,8,1,1,1,1,0,2,1,0,4,0,0
"ARUT328",5,5,2,5,1,1,59,1,1,5,0.2,1,2,2,1,1,0,0,0,0,0,1,1,0,7,0,1,0,1,0,1,3,0,3,1,1
"ARUT331",5,4,0,5,0,1,62,1,2,5,0.4,1,3,4,1,1,0,0,1,0,0,1,1,0,8,1,1,1,2,1,2,2,1,4,0,0
"ARUT333",8,5,4,8,1,1,54,1,5,3,1.66666666666667,3,1,3,0,0,0,0,1,0,0,1,0,0,8,1,1,0,2,0,2,1,1,5,0,1
"ARUU340",6,2,2,6,1,1,40,0,3,4,0.75,3,1,3,0,1,0,0,1,1,0,0,0,0,7,1,1,1,2,0,2,1,1,3,0,0
"ARUU342",6,3,0,7,0,1,49,1,11,6,1.83333333333333,3,1,3,0,1,0,0,0,0,1,0,1,1,7,1,1,1,2,1,3,2,0,4,0,1
"ARUU345",2,1,0,3,0,1,44,1,7,4,1.75,2,1,9,0,1,0,0,1,0,0,1,1,0,8,1,1,1,2,1,2,2,1,4,0,1
"ARUU350",6,4,2,6,1,1,62,1,2,5,0.4,3,3,4,1,1,0,0,0,1,0,0,1,0,8,1,1,0,2,0,2,1,1,5,0,0
"ARUU351",7,4,0,7,0,1,57,0,3,4,0.75,3,2,0,0,1,0,0,1,0,0,0,1,0,8,0,1,1,1,0,2,2,1,4,0,1
"ARUU353",5,4,1,5,1,1,56,0,6,7,0.857142857142857,3,2,1,1,0,0,1,0,0,0,0,0,0,8,1,1,1,1,0,2,1,1,5,0,1
"ARUU363",5,2,1,5,1,1,52,1,8,6,1.33333333333333,1,2,2,1,1,0,1,0,0,0,1,1,0,7,1,1,1,3,0,2,1,1,5,0,0
"ARUU364",7,4,0,7,0,1,47,1,2,4,0.5,1,2,2,1,1,0,0,1,1,0,1,1,0,8,1,1,0,3,0,2,1,1,5,0,1
"ARUU370",7,5,2,7,1,1,33,1,8,4,2,2,2,3,1,1,1,0,1,0,0,1,1,0,8,1,1,1,3,1,2,2,1,4,1,0
"ARUU380",5,3,2,5,1,1,67,1,4,6,0.666666666666667,1,3,4,1,1,0,0,1,1,0,1,1,0,7,1,1,1,1,1,2,2,1,4,1,1
"ARUU382",8,4,1,8,1,1,34,1,4,4,1,1,1,4,1,1,0,0,1,0,0,0,0,0,5,0,0,1,1,1,2,2,1,4,0,0
"ARUU385",6,4,1,6,1,1,33,1,9,6,1.5,3,2,3,1,1,0,0,0,1,0,1,1,0,8,1,1,0,1,0,2,2,1,5,0,1
"ARUU386",5,4,3,6,1,1,78,1,4,6,0.666666666666667,3,3,4,1,1,1,1,1,0,0,0,0,1,7,0,1,0,2,1,2,2,1,3,0,0
"ARUU387",2,1,0,3,0,1,60,1,11,8,1.375,3,2,1,1,1,0,0,1,0,0,0,0,0,8,1,0,1,2,0,2,1,1,5,0,1
"ARUU393",6,2,4,8,1,1,49,1,3,4,0.75,1,2,4,1,1,0,0,1,0,0,1,1,0,8,1,1,1,3,1,2,2,1,4,0,1
