"From","To","Weight","Sign"
"Piped water indoors","Flush toilet",1.1099,"positive"
"Work status","Receives grant",1.0258,"undefined"
"Antibiotic source","Course completion",0.7943,"undefined"
"Household flooding","Uses manure",0.7637,"positive"
"Antibiotics w/o Rx","Course completion",0.6582,"undefined"
"Age","Work status",0.5498,"undefined"
"Care sought monthly+","Any chronic condition",0.5464,"positive"
"Work status","Income band",0.5236,"undefined"
"Standing water","Household flooding",0.4891,"positive"
"Piped water indoors","Open defecation",0.4283,"negative"
"E. coli+ months","Months cultured",0.4195,"positive"
"Care sought monthly+","HIV in household",0.3978,"positive"
"Household flooding","Eats street food",0.3795,"positive"
"Formal dwelling","Toilet floods",0.3494,"negative"
"Formal dwelling","Flush toilet",0.3484,"positive"
"Shared toilet","Eats street food",0.3445,"positive"
"Refuse collected","Site",0.3399,"undefined"
"Piped water indoors","Toilet floods",0.3098,"negative"
"Shared toilet","Antibiotics w/o Rx",0.2972,"positive"
"Sex (1=F)","Care sought monthly+",0.2923,"positive"
"Flush toilet","Refuse collected",0.2918,"positive"
"Highest education","Household flooding",0.2517,"undefined"
"Age","Any chronic condition",0.2301,"positive"
"Formal dwelling","Site",0.2226,"undefined"
"Neighbours within 150m","Site",0.2182,"undefined"
"Toilet floods","Standing water",0.1947,"positive"
"Refuse collected","Eats street food",0.1894,"negative"
"Household flooding","Site",0.1884,"undefined"
"Household flooding","Course completion",0.1795,"undefined"
"Persons per room","Flush toilet",0.1712,"negative"
"Open defecation","Antibiotics w/o Rx",0.1644,"positive"
"Uses manure","Site",0.1482,"undefined"
"Highest education","Receives grant",0.1466,"undefined"
"Household size","Persons per room",0.1457,"positive"
"Sex (1=F)","Piped water indoors",0.1373,"positive"
"Any chronic condition","Antibiotic source",0.1358,"undefined"
"HIV in household","Site",0.1347,"undefined"
"Open defecation","Any chronic condition",0.1176,"negative"
"Course completion","Site",0.1099,"undefined"
"Antibiotic source","Eats street food",0.1086,"undefined"
"ESBL+ months","Months cultured",0.106,"positive"
"Persons per room","Highest education",0.1059,"undefined"
"Months cultured","Site",0.1043,"undefined"
"Shared toilet","Site",0.1024,"undefined"
"Piped water indoors","Eats street food",0.0996,"positive"
"Open defecation","Household flooding",0.0987,"positive"
"Household size","Highest education",0.0967,"undefined"
"Household size","Shared toilet",0.0868,"negative"
"Eats street food","Site",0.0865,"undefined"
"Highest education","Shared toilet",0.0851,"undefined"
"Persons per room","Open defecation",0.0846,"positive"
"Highest education","Site",0.0809,"undefined"
"Sex (1=F)","Site",0.0805,"undefined"
"Toilet floods","Household flooding",0.0786,"positive"
"Persons per room","Shared toilet",0.0774,"positive"
"Work status","Care sought monthly+",0.0758,"undefined"
"E. coli+ months","K. pneumoniae+ months",0.0757,"positive"
"Piped water indoors","Care sought monthly+",0.0721,"negative"
"ESBL+ months","Piped water indoors",0.0673,"positive"
"Open defecation","Uses manure",0.0652,"positive"
"Household size","Piped water indoors",0.0638,"positive"
"ESBL+ months","K. pneumoniae+ months",0.0636,"positive"
"Persons per room","Uses manure",0.0621,"negative"
"Household size","Keeps animals",0.0579,"positive"
"Toilet floods","Course completion",0.0568,"undefined"
"Course completion","Eats street food",0.0536,"undefined"
"Household size","Uses manure",0.0533,"positive"
"Household size","Diarrhoea severity",0.0523,"undefined"
"Persons per room","Course completion",0.0521,"undefined"
"Flush toilet","Site",0.052,"undefined"
"Highest education","Work status",0.051,"undefined"
"Household flooding","HIV in household",0.0471,"positive"
"Persons per room","Diarrhoea severity",0.0462,"undefined"
"Toilet floods","Uses manure",0.0447,"positive"
"Persons per room","Work status",0.0444,"undefined"
"Flush toilet","Toilet floods",0.0444,"negative"
"Household size","Any chronic condition",0.0433,"positive"
"Receives grant","Antibiotic source",0.0411,"undefined"
"Household size","HIV in household",0.0407,"positive"
"Work status","Site",0.0407,"undefined"
"Open defecation","Course completion",0.0368,"undefined"
"Standing water","Diarrhoea severity",0.0362,"undefined"
"Months cultured","Course completion",0.0327,"undefined"
"Piped water indoors","Site",0.0319,"undefined"
"Antibiotic source","Uses manure",0.0311,"undefined"
"Diarrhoea severity","Site",0.031,"undefined"
"Work status","HIV in household",0.0309,"undefined"
"Antibiotic source","Keeps animals",0.0301,"undefined"
"Persons per room","Site",0.0236,"undefined"
"E. coli+ months","Site",0.0235,"undefined"
"Antibiotic source","Site",0.0231,"undefined"
"K. pneumoniae+ months","Toilet floods",0.0181,"positive"
"Highest education","Diarrhoea severity",0.0161,"undefined"
"K. pneumoniae+ months","Persons per room",0.0155,"negative"
"Household size","Site",0.0152,"undefined"
"Highest education","Course completion",0.0059,"undefined"
"Meat frequency","Site",0.0057,"undefined"
